district_name,state,literacy_rate_female,literacy_rate_male,sex_ratio,avg_household_income,poverty_index,education_expenditure_per_capita,female_infant_mortality_rate,access_to_health_facilities,employment_rate_female,social_awareness_programs,risk_level
Darbhanga,Bihar,66.73,75.26,892.0,26906.0,0.524,3769.2,28.2,63.3,44.9,3.0,Medium
Bharatpur,Rajasthan,81.35,77.9,851.0,18326.0,0.352,1203.2,23.2,86.2,56.2,16.0,Medium
Patna,Bihar,65.37,85.05,871.0,20108.0,0.332,2712.6,36.5,39.8,33.8,16.0,Medium
Bhavnagar,Gujarat,56.16,84.49,968.0,26189.0,0.397,2345.1,20.3,82.2,52.7,1.0,Medium
Junagadh,Gujarat,53.57,89.31,933.0,26398.0,0.906,1950.9,28.7,62.4,36.7,17.0,High
Lucknow,Uttar Pradesh,58.79,80.53,914.0,15001.0,0.596,3523.8,33.7,76.2,28.2,14.0,Medium
Ambala,Haryana,51.51,77.98,921.0,20123.0,0.415,2664.9,25.4,89.9,42.2,5.0,Medium
Bharatpur,Rajasthan,56.8,78.02,920.0,18968.0,0.919,3070.2,21.2,97.6,24.9,15.0,High
Kolkata,West Bengal,63.66,85.76,975.0,21102.0,0.092,3402.2,31.9,48.7,42.5,11.0,Low
Balasore,Odisha,81.0,84.55,974.0,21939.0,0.887,2810.5,17.7,70.2,31.4,6.0,High
Bikaner,Rajasthan,62.16,80.85,972.0,29716.0,0.982,2621.7,35.5,99.5,36.4,18.0,High
Gurugram,Haryana,59.94,79.68,955.0,20169.0,0.554,2545.1,44.2,68.6,32.2,14.0,Medium
Mumbai,Maharashtra,65.69,82.2,995.0,27370.0,0.61,2054.3,21.7,79.5,20.8,18.0,Medium
Sindhudurg,Maharashtra,79.52,76.16,997.0,20641.0,0.766,2823.8,5.0,52.8,55.4,15.0,Medium
Varanasi,Uttar Pradesh,48.61,79.06,965.0,9192.0,0.164,3349.6,29.7,93.4,45.8,4.0,Low
Sagar,Madhya Pradesh,61.87,82.8,817.0,27147.0,0.991,1394.6,32.8,49.2,35.8,19.0,High
Panipat,Haryana,56.29,78.65,819.0,18395.0,0.657,3241.0,40.6,100.0,34.5,2.0,High
Ajmer,Rajasthan,60.43,84.39,899.0,,0.916,3074.5,41.8,96.0,17.4,7.0,High
Howrah,West Bengal,63.78,91.16,864.0,17136.0,0.243,2019.4,27.2,61.3,33.1,4.0,Low
Kota,Rajasthan,60.49,79.4,909.0,22776.0,0.328,2470.4,31.1,65.4,32.3,7.0,Medium
Paschim Medinipur,West Bengal,54.08,83.9,848.0,21521.0,0.498,2119.4,14.8,64.4,26.4,2.0,Medium
Faridabad,Haryana,51.38,74.04,892.0,18057.0,0.521,2646.4,45.8,67.7,42.2,4.0,Medium
Ajmer,Rajasthan,63.34,72.62,948.0,12147.0,0.207,2804.0,19.5,100.0,17.6,12.0,Low
Bhagalpur,Bihar,71.45,79.57,876.0,23919.0,0.046,2960.5,20.9,52.0,42.1,0.0,Low
Gwalior,Madhya Pradesh,73.15,84.79,979.0,22666.0,0.672,2899.2,8.5,75.5,26.1,13.0,Medium
Chhindwara,Madhya Pradesh,64.81,76.87,801.0,31935.0,0.094,2543.2,46.2,81.8,21.1,18.0,Low
Karnal,Haryana,69.33,74.95,897.0,18803.0,0.266,3229.6,17.7,56.5,37.8,16.0,Low
Nagpur,Maharashtra,68.75,76.36,1006.0,20246.0,0.99,3350.7,22.8,72.7,24.5,6.0,High
Mumbai,Maharashtra,56.11,84.02,901.0,21400.0,0.075,2923.4,32.0,100.0,37.3,13.0,Low
Gurugram,Haryana,69.12,82.19,961.0,22770.0,0.527,3341.1,36.2,70.5,45.9,19.0,Medium
Surat,Gujarat,54.7,87.59,921.0,20862.0,0.231,2608.0,47.7,58.3,56.6,5.0,Low
Aligarh,Uttar Pradesh,61.59,82.65,941.0,20702.0,0.352,2797.7,32.2,44.6,57.2,0.0,Medium
Mumbai,Maharashtra,44.56,72.4,1006.0,20502.0,0.367,3442.7,36.4,51.6,34.3,5.0,Medium
Hooghly,West Bengal,57.62,71.8,946.0,19903.0,0.871,1779.7,32.2,88.8,21.9,0.0,High
Patna,Bihar,78.58,80.09,951.0,11145.0,0.576,4593.0,42.1,69.0,34.7,17.0,Medium
Varanasi,Uttar Pradesh,61.98,84.18,950.0,23082.0,0.183,4380.4,13.9,76.3,38.0,7.0,Low
Amritsar,Punjab,60.68,83.18,893.0,11079.0,0.097,2209.3,28.5,71.9,45.7,5.0,Low
Kota,Rajasthan,63.61,81.54,940.0,23829.0,0.075,539.7,16.4,58.3,18.9,13.0,Low
Jagatsinghpur,Odisha,68.64,88.59,963.0,24577.0,0.545,3911.6,20.0,82.8,32.2,15.0,Medium
Patiala,Punjab,75.31,84.54,911.0,18518.0,0.656,2272.5,21.7,58.2,46.3,3.0,High
Gurugram,Haryana,72.77,81.09,911.0,24697.0,0.647,3096.3,23.0,76.4,42.4,0.0,Medium
Samastipur,Bihar,63.72,,929.0,20739.0,0.854,1530.4,10.8,82.3,40.8,18.0,High
Sikar,Rajasthan,65.98,83.7,959.0,19001.0,0.685,2296.0,21.3,64.6,26.4,9.0,Medium
Puri,Odisha,49.34,78.43,903.0,11667.0,0.924,2431.5,26.1,39.4,32.5,15.0,High
Kolkata,West Bengal,61.38,77.59,977.0,19472.0,0.819,3602.4,21.4,86.8,23.9,7.0,High
Aligarh,Uttar Pradesh,67.13,73.26,872.0,13599.0,0.625,1998.4,36.4,94.8,18.9,16.0,High
Lucknow,Uttar Pradesh,67.66,82.9,919.0,13863.0,0.833,2423.7,42.0,87.9,27.1,17.0,High
Purba Medinipur,West Bengal,51.03,78.97,1024.0,18817.0,0.147,2959.3,40.6,86.3,53.4,8.0,Low
Prayagraj,Uttar Pradesh,66.99,73.81,912.0,17424.0,0.441,3642.4,22.4,57.8,40.9,15.0,Medium
Thane,Maharashtra,62.69,86.32,882.0,19226.0,0.594,2452.8,36.7,45.8,28.1,15.0,High
Gorakhpur,Uttar Pradesh,66.37,74.45,919.0,18243.0,0.058,3711.7,29.3,14.7,26.9,8.0,Low
Kota,Rajasthan,83.48,78.14,925.0,17353.0,0.388,1228.8,21.7,64.7,46.7,8.0,Low
Anand,Gujarat,75.64,74.83,873.0,11445.0,0.416,1574.8,20.1,30.1,32.6,16.0,Medium
Yamunanagar,Haryana,49.63,86.69,1026.0,15437.0,0.982,1992.5,36.5,75.9,37.1,1.0,High
Jajpur,Odisha,65.74,80.94,968.0,18854.0,0.67,2739.6,59.1,57.5,39.4,19.0,High
North 24 Parganas,West Bengal,77.92,89.46,,14327.0,0.079,3189.6,33.8,50.9,44.4,6.0,Low
South 24 Parganas,West Bengal,74.67,81.86,886.0,19387.0,0.973,3319.6,16.7,15.0,45.5,8.0,High
Satna,Madhya Pradesh,69.22,77.09,880.0,17130.0,0.097,2965.4,13.9,56.6,40.0,11.0,Low
Faridabad,Haryana,82.96,78.1,926.0,21231.0,0.457,3084.8,26.7,75.2,13.5,14.0,Low
Sikar,Rajasthan,63.2,81.87,993.0,19337.0,0.353,1581.0,19.7,100.0,24.3,6.0,Medium
Solapur,Maharashtra,74.82,80.48,925.0,11276.0,0.179,3426.7,30.1,75.4,47.4,18.0,Low
Hooghly,West Bengal,72.36,86.24,970.0,12227.0,0.423,2419.8,49.8,80.5,33.6,16.0,Low
Bhagalpur,Bihar,56.28,77.28,974.0,18381.0,0.042,823.4,40.0,38.9,32.0,12.0,Low
Nalanda,Bihar,68.23,74.49,884.0,23104.0,0.412,2724.2,22.1,61.5,35.2,12.0,Medium
Agra,Uttar Pradesh,42.1,93.45,882.0,11918.0,0.755,2064.0,25.3,100.0,44.7,18.0,High
Surat,Gujarat,77.94,74.85,876.0,5697.0,0.635,3605.4,16.8,,37.5,12.0,Medium
Jamnagar,Gujarat,69.17,77.84,871.0,6163.0,0.168,3130.2,,63.7,49.8,14.0,Low
Ratlam,Madhya Pradesh,70.2,84.18,943.0,9374.0,0.727,2488.1,31.8,83.7,29.0,11.0,Medium
Nashik,Maharashtra,70.1,77.56,879.0,21231.0,0.064,1369.5,32.9,78.1,34.5,16.0,Low
Nagaur,Rajasthan,61.39,79.46,952.0,16847.0,0.497,2413.6,25.5,61.1,25.8,3.0,Medium
Kendrapara,Odisha,51.81,85.54,883.0,15064.0,0.036,2812.0,16.7,62.3,38.3,15.0,Low
Thane,Maharashtra,62.64,68.37,921.0,17171.0,0.692,1719.2,14.5,65.2,46.6,17.0,High
Ahmedabad,Gujarat,71.87,73.31,,20954.0,0.349,1440.0,36.4,58.1,41.0,6.0,Low
Sangrur,Punjab,66.0,,970.0,14820.0,0.729,3151.7,33.8,77.5,23.3,6.0,Medium
Gaya,Bihar,74.06,73.39,948.0,9672.0,0.185,2011.2,46.4,100.0,26.7,17.0,Low
Indore,Madhya Pradesh,53.11,80.05,850.0,12025.0,0.742,2286.8,30.0,68.6,53.8,9.0,High
Pune,Maharashtra,67.7,83.78,937.0,17900.0,0.012,2024.9,41.2,90.8,36.9,16.0,Low
Mayurbhanj,Odisha,63.77,89.75,878.0,15003.0,0.541,2281.5,21.0,81.9,20.6,8.0,Medium
Purba Medinipur,West Bengal,75.66,78.29,894.0,18006.0,0.119,3311.6,19.3,82.3,38.4,9.0,Low
Sagar,Madhya Pradesh,73.91,87.1,882.0,17817.0,0.023,2091.4,20.5,43.6,24.8,2.0,Low
Kolkata,West Bengal,62.13,91.77,870.0,17925.0,0.508,2784.2,16.3,53.7,34.1,17.0,Medium
Chhindwara,Madhya Pradesh,64.79,82.38,909.0,23526.0,0.871,4691.0,51.6,28.7,16.7,11.0,High
Gaya,Bihar,74.19,74.39,947.0,14564.0,0.238,3080.6,41.1,86.9,34.5,3.0,Low
Rohtak,Haryana,57.94,72.58,955.0,18423.0,0.165,2904.7,35.6,47.5,41.5,16.0,Low
Bhopal,Madhya Pradesh,56.52,76.97,941.0,12945.0,0.593,3250.3,34.5,77.1,41.7,2.0,High
Prayagraj,Uttar Pradesh,54.26,84.78,1027.0,14653.0,0.553,3231.2,33.6,37.4,36.7,19.0,Medium
Ujjain,Madhya Pradesh,65.48,87.64,973.0,17991.0,0.058,1518.5,21.2,73.9,17.5,17.0,Low
Indore,Madhya Pradesh,60.41,80.97,899.0,20522.0,0.279,1826.6,41.5,66.5,35.1,7.0,Medium
Kanpur Nagar,Uttar Pradesh,56.97,84.26,968.0,12860.0,0.409,2690.6,30.8,87.0,40.2,2.0,Medium
Varanasi,Uttar Pradesh,59.22,84.42,918.0,15048.0,0.98,629.6,21.9,72.6,33.2,15.0,High
Cuttack,Odisha,72.89,83.23,929.0,9990.0,0.323,2278.2,38.0,86.8,41.2,19.0,Low
Gorakhpur,Uttar Pradesh,52.5,78.68,819.0,10156.0,0.273,2067.0,28.7,61.9,38.4,9.0,Medium
Satna,Madhya Pradesh,72.22,78.25,904.0,10553.0,,3732.6,16.0,81.4,25.1,18.0,High
Rewari,Haryana,64.91,76.56,1026.0,11416.0,0.1,3186.2,31.6,44.5,34.7,8.0,Low
Nagpur,Maharashtra,94.72,80.45,939.0,19891.0,0.355,3677.4,37.0,46.0,28.5,8.0,Low
Nalanda,Bihar,63.78,82.75,1003.0,17607.0,0.526,953.9,30.0,67.1,19.5,6.0,Medium
Puri,Odisha,77.65,77.96,964.0,8273.0,0.81,2491.0,30.0,86.5,23.5,4.0,Medium
Gorakhpur,Uttar Pradesh,65.07,82.45,879.0,15913.0,0.795,3583.4,28.9,59.3,45.5,15.0,High
,Punjab,47.03,77.25,946.0,13408.0,0.317,2546.4,22.8,84.0,36.4,3.0,Medium
Panipat,Haryana,59.63,78.26,960.0,31886.0,0.472,2959.6,18.3,76.8,45.8,7.0,Medium
Jagatsinghpur,Odisha,69.53,76.6,894.0,20907.0,0.233,2820.1,38.0,59.0,39.9,14.0,Low
Nalanda,Bihar,74.19,71.66,1035.0,12373.0,0.383,2489.5,28.1,63.1,24.2,8.0,Low
Panipat,Haryana,53.4,83.57,869.0,10232.0,0.147,2290.4,37.2,78.7,33.8,4.0,Low
Balasore,Odisha,71.57,80.49,891.0,15993.0,0.58,3437.1,19.6,77.8,47.9,17.0,Medium
Cuttack,Odisha,75.91,83.07,916.0,12729.0,0.836,3714.6,16.7,61.4,29.4,12.0,High
Howrah,West Bengal,47.44,70.8,887.0,28268.0,0.59,2743.7,44.0,68.0,40.7,3.0,High
Jajpur,Odisha,79.74,72.92,864.0,18060.0,0.214,3119.1,29.3,75.4,38.8,13.0,Low
Varanasi,Uttar Pradesh,64.94,76.27,990.0,26041.0,0.976,5175.4,31.6,99.6,27.5,14.0,High
Kendrapara,Odisha,46.59,85.74,980.0,,0.54,1952.0,27.6,86.8,24.3,11.0,High
Ratlam,Madhya Pradesh,,74.34,862.0,16326.0,0.348,1728.9,31.2,56.6,29.0,7.0,Medium
Jalandhar,Punjab,80.84,70.98,926.0,14610.0,0.287,1883.5,35.6,95.3,26.6,8.0,Low
Kapurthala,Punjab,63.39,78.42,928.0,19045.0,0.354,2512.6,29.0,72.8,34.8,14.0,Medium
Murshidabad,West Bengal,58.01,78.44,914.0,26111.0,0.5,3052.3,36.7,24.7,30.6,13.0,Medium
Ratlam,Madhya Pradesh,71.96,82.69,915.0,18001.0,0.165,2003.3,38.3,72.6,28.4,18.0,Low
South 24 Parganas,West Bengal,61.46,84.32,965.0,20237.0,0.193,1621.4,6.3,100.0,26.6,15.0,Low
Ahmedabad,Gujarat,45.39,72.58,945.0,15788.0,0.521,2458.4,19.9,64.3,48.7,9.0,High
Gurdaspur,Punjab,75.82,79.67,971.0,23464.0,0.451,2846.8,28.4,94.5,24.9,1.0,Medium
Surat,Gujarat,67.27,88.93,972.0,20073.0,0.693,1752.0,28.3,80.3,25.7,14.0,Medium
Hisar,Haryana,79.22,78.39,946.0,27112.0,0.234,2421.0,29.3,87.7,22.2,4.0,Low
Pune,Maharashtra,61.83,84.32,958.0,28625.0,0.805,2954.2,30.0,96.8,30.3,18.0,High
Kutch,Gujarat,53.8,86.2,935.0,21633.0,0.599,1622.2,38.7,92.8,47.8,6.0,High
South 24 Parganas,West Bengal,50.99,76.84,976.0,24147.0,0.696,1679.3,50.0,98.0,27.8,0.0,High
Chhindwara,Madhya Pradesh,50.32,86.4,859.0,7036.0,0.297,2423.8,34.8,56.2,35.7,7.0,Medium
Jodhpur,Rajasthan,73.83,74.02,982.0,7939.0,0.393,3259.2,18.6,38.1,19.5,6.0,Low
Panipat,Haryana,56.47,84.49,897.0,14704.0,0.494,2799.4,18.1,100.0,38.7,11.0,Medium
Solapur,Maharashtra,76.23,81.62,918.0,19744.0,0.319,2318.5,37.0,74.5,33.3,18.0,Low
Bhavnagar,Gujarat,65.98,76.59,963.0,16325.0,0.318,1436.7,17.5,93.2,30.7,7.0,Medium
Gurdaspur,Punjab,62.37,70.96,911.0,21881.0,0.674,1006.8,48.6,81.5,50.1,12.0,High
Satna,Madhya Pradesh,69.69,85.53,987.0,17597.0,0.112,2658.1,11.8,68.8,30.3,16.0,Low
Murshidabad,West Bengal,63.42,76.39,943.0,10395.0,0.181,1724.1,44.6,81.4,51.7,10.0,Low
Bikaner,Rajasthan,70.18,73.14,890.0,10713.0,0.208,893.8,27.8,87.1,34.5,19.0,Low
Kolhapur,Maharashtra,59.38,84.59,952.0,21637.0,0.894,2228.9,41.6,79.6,50.6,11.0,High
Sagar,Madhya Pradesh,66.7,85.12,857.0,12384.0,0.796,2272.2,27.7,81.9,35.1,10.0,High
Purba Medinipur,West Bengal,66.48,81.9,926.0,20470.0,0.584,1578.6,31.7,54.8,52.3,6.0,Medium
Yamunanagar,Haryana,,67.81,875.0,15945.0,0.861,1903.0,21.1,42.0,41.1,19.0,High
Prayagraj,Uttar Pradesh,72.36,74.74,1005.0,10891.0,0.073,2030.2,37.9,67.5,35.5,19.0,Low
Hisar,Haryana,78.84,90.89,882.0,22952.0,0.153,2304.6,22.7,57.9,45.7,3.0,Low
Bikaner,Rajasthan,68.66,82.59,896.0,21576.0,,2816.4,26.9,87.7,35.8,13.0,High
Kolkata,West Bengal,76.45,81.46,966.0,22959.0,0.472,3112.9,34.6,65.8,29.5,7.0,Low
Khordha,,48.28,81.98,894.0,22716.0,0.002,1755.7,38.0,58.3,52.8,19.0,Low
Jaipur,Rajasthan,69.45,77.09,821.0,30181.0,0.867,3058.7,15.7,87.4,28.4,7.0,High
Udaipur,Rajasthan,68.75,79.83,1015.0,15668.0,0.315,4323.3,37.5,65.1,37.2,1.0,Low
Kanpur Nagar,Uttar Pradesh,70.81,75.38,943.0,11386.0,0.707,512.1,5.0,57.5,42.5,1.0,High
Hoshiarpur,Punjab,63.66,89.14,942.0,29852.0,0.249,3681.5,25.9,85.1,16.9,15.0,Low
Gandhinagar,Gujarat,84.6,80.19,892.0,12528.0,0.053,2019.7,24.6,98.2,24.4,0.0,Low
Nagaur,Rajasthan,75.36,86.74,881.0,16041.0,,2426.9,27.1,83.5,33.6,4.0,Medium
Agra,Uttar Pradesh,47.99,82.24,972.0,20218.0,0.494,2875.7,27.4,100.0,28.3,12.0,Medium
Muzaffarpur,Bihar,59.31,89.99,976.0,23970.0,0.513,4310.3,29.0,88.8,34.2,7.0,Medium
Indore,Madhya Pradesh,79.91,91.81,929.0,21919.0,0.487,3312.9,37.7,76.0,38.7,4.0,Medium
Kanpur Nagar,Uttar Pradesh,56.74,84.67,936.0,21103.0,0.14,1759.0,24.5,79.6,8.3,10.0,Low
Nadia,West Bengal,72.77,81.28,959.0,16699.0,0.416,2110.6,8.7,68.5,56.2,7.0,Medium
Anand,Gujarat,69.96,87.77,924.0,18462.0,0.135,3636.4,33.1,70.2,14.2,8.0,Low
Bikaner,Rajasthan,66.33,81.55,929.0,18050.0,0.987,2680.3,27.8,40.8,35.6,9.0,High
Jabalpur,Madhya Pradesh,75.0,71.3,859.0,20971.0,0.18,1715.6,30.3,62.4,42.0,,Low
Jabalpur,Madhya Pradesh,66.87,75.58,902.0,16946.0,0.417,1719.9,32.5,79.1,42.0,8.0,Medium
Darjeeling,West Bengal,67.69,79.94,984.0,19844.0,0.634,2982.1,31.8,78.8,26.7,11.0,Medium
Rohtak,Haryana,54.2,91.49,944.0,12027.0,0.257,2869.4,18.6,100.0,43.2,6.0,Medium
Sikar,Rajasthan,78.09,69.31,963.0,16922.0,0.652,1792.8,36.0,89.1,35.5,2.0,Medium
Bhagalpur,Bihar,64.08,82.36,952.0,22172.0,0.702,4281.6,19.3,67.1,23.6,5.0,High
Rajkot,Gujarat,59.36,65.81,947.0,8412.0,0.404,3561.5,27.4,48.8,39.7,13.0,Medium
Gurugram,Haryana,79.92,77.49,992.0,24896.0,0.487,1558.7,37.9,33.5,33.8,17.0,Medium
Kapurthala,Punjab,80.39,76.84,950.0,22531.0,0.799,2265.7,15.8,70.8,57.3,8.0,High
Gwalior,Madhya Pradesh,93.01,85.57,929.0,7454.0,0.979,2421.8,20.7,64.8,57.8,7.0,High
Nagaur,Rajasthan,79.13,78.23,1031.0,23298.0,0.133,2011.9,31.9,100.0,35.0,15.0,Low
Aligarh,Uttar Pradesh,67.18,80.57,1030.0,26272.0,0.28,1468.8,32.4,82.1,39.4,5.0,Low
Ganjam,Odisha,66.24,83.23,960.0,17467.0,0.167,2714.8,37.2,86.9,34.1,17.0,Low
Bikaner,Rajasthan,65.83,76.36,879.0,15085.0,0.306,3485.9,45.0,94.9,30.9,10.0,Low
Sagar,Madhya Pradesh,56.71,68.26,935.0,18250.0,0.046,2429.0,27.9,,34.7,3.0,Low
Panipat,Haryana,64.99,87.65,931.0,24051.0,0.986,3448.4,25.5,71.5,33.2,7.0,High
Raigad,Maharashtra,69.49,85.74,869.0,10449.0,0.193,1202.1,35.9,48.0,34.3,6.0,Low
Rewari,Haryana,72.77,74.44,,20386.0,0.642,3318.5,27.4,71.0,52.3,17.0,Medium
Bharatpur,Rajasthan,65.41,85.89,912.0,14721.0,0.461,1746.5,29.3,72.5,37.3,17.0,Medium
Jamnagar,Gujarat,66.09,82.12,903.0,17159.0,0.213,3108.6,48.9,50.1,45.0,0.0,Low
Raigad,Maharashtra,77.32,69.3,956.0,24496.0,0.528,2697.8,25.2,85.0,15.5,11.0,Low
Gwalior,Madhya Pradesh,64.32,79.41,933.0,17561.0,0.348,1794.6,28.7,34.2,46.8,10.0,Medium
Gwalior,Madhya Pradesh,56.63,84.2,898.0,6506.0,0.129,2861.2,18.5,67.5,25.3,4.0,Low
Hoshiarpur,Punjab,69.42,91.0,876.0,21871.0,0.256,2728.4,26.8,100.0,43.6,,Low
Ratnagiri,Maharashtra,60.07,80.5,863.0,15450.0,0.468,2661.5,24.2,57.8,34.0,4.0,Medium
Cuttack,Odisha,52.07,88.41,900.0,14557.0,0.716,3646.6,26.6,77.5,41.9,13.0,High
South 24 Parganas,West Bengal,62.04,87.48,874.0,23334.0,0.67,2066.8,10.7,55.4,43.8,1.0,High
Ambala,Haryana,49.16,71.75,932.0,19238.0,0.407,3266.4,33.1,88.9,25.2,17.0,Medium
Purnia,Bihar,59.71,74.69,965.0,23639.0,0.229,1242.5,39.1,76.7,48.2,16.0,Low
,Madhya Pradesh,63.27,66.49,902.0,23592.0,0.026,,24.8,54.8,35.0,6.0,Low
Junagadh,Gujarat,59.68,76.27,898.0,13521.0,0.289,3307.0,31.3,72.7,48.8,14.0,Medium
Ajmer,Rajasthan,64.35,83.61,895.0,16000.0,0.378,1279.3,21.2,64.8,31.8,14.0,Medium
Raigad,Maharashtra,52.83,87.18,1050.0,17502.0,0.032,1865.3,35.3,100.0,23.5,8.0,Low
Sikar,Rajasthan,61.9,85.55,831.0,26373.0,0.856,2880.6,46.7,85.5,33.0,8.0,High
Bhopal,Madhya Pradesh,64.73,77.95,1013.0,23383.0,0.404,3422.1,28.4,93.2,25.6,3.0,Medium
Darbhanga,Bihar,68.94,77.08,926.0,22107.0,0.336,2224.6,34.0,66.7,42.2,1.0,Low
Kanpur Nagar,Uttar Pradesh,72.2,90.73,860.0,12000.0,0.009,2379.9,14.0,81.2,48.6,4.0,Low
Gaya,Bihar,58.8,86.79,902.0,12212.0,0.048,1440.3,17.5,67.2,37.8,13.0,Low
Amritsar,,54.78,84.74,886.0,26309.0,0.773,2137.3,22.8,56.8,26.2,12.0,High
Sangrur,Punjab,54.95,72.36,925.0,21593.0,0.602,2154.0,40.5,65.2,20.1,14.0,Medium
South 24 Parganas,West Bengal,65.37,84.49,887.0,12342.0,0.735,3319.0,33.5,66.8,41.7,4.0,High
Surat,Gujarat,68.58,80.29,886.0,24305.0,0.591,2308.1,28.1,54.3,41.8,2.0,High
Puri,Odisha,69.03,75.82,966.0,14956.0,0.248,2851.0,32.9,95.5,48.5,13.0,Low
Gaya,Bihar,74.71,89.47,928.0,19603.0,0.516,1968.9,30.5,47.7,45.5,16.0,Medium
Puri,Odisha,56.08,81.43,906.0,14183.0,0.18,1432.7,29.3,52.7,27.8,13.0,Low
Yamunanagar,Haryana,77.69,77.4,855.0,21271.0,0.323,1784.5,5.0,68.8,19.8,2.0,Low
Begusarai,Bihar,50.19,78.84,940.0,15510.0,0.369,3256.3,24.0,95.7,35.3,8.0,Medium
Vadodara,Gujarat,66.13,,844.0,17039.0,0.255,2797.5,33.7,60.0,33.1,8.0,Medium
Jabalpur,Madhya Pradesh,73.8,81.05,903.0,14771.0,0.394,4528.5,21.2,67.6,42.7,13.0,Medium
Sagar,Madhya Pradesh,76.86,72.37,900.0,27818.0,0.75,,23.9,58.9,26.1,6.0,High
Howrah,West Bengal,60.46,80.69,934.0,16786.0,0.709,2556.9,19.4,69.1,29.1,4.0,High
Murshidabad,West Bengal,46.58,76.46,835.0,15941.0,0.913,1299.9,31.2,52.2,38.5,5.0,High
Ujjain,Madhya Pradesh,56.79,72.9,957.0,19011.0,0.674,4796.9,37.9,100.0,43.6,8.0,High
Sonipat,Haryana,57.88,86.85,921.0,20859.0,0.806,1574.2,29.2,63.1,39.0,4.0,High
Bhadrak,Odisha,68.73,84.53,947.0,9096.0,0.108,1074.8,23.0,56.7,40.0,0.0,Low
Puri,Odisha,53.86,84.68,996.0,14554.0,0.25,1330.7,42.5,100.0,40.4,1.0,Low
Ujjain,Madhya Pradesh,61.57,79.51,998.0,26097.0,0.993,3071.9,28.8,93.2,53.9,11.0,High
,Gujarat,63.97,80.21,967.0,21930.0,0.264,3857.9,5.0,50.2,37.5,,Low
Rewa,Madhya Pradesh,64.58,80.12,909.0,16966.0,0.299,1722.4,40.6,64.5,52.8,11.0,Medium
Indore,Madhya Pradesh,62.83,77.18,880.0,16292.0,0.931,1789.0,35.9,73.7,37.5,8.0,High
Bathinda,Punjab,69.17,77.34,902.0,14168.0,0.358,4781.9,43.8,59.4,44.6,8.0,Medium
Faridabad,Haryana,54.2,72.37,949.0,20165.0,0.268,3114.8,19.9,89.7,43.3,13.0,Low
Ujjain,Madhya Pradesh,75.96,76.02,954.0,20610.0,0.63,1955.9,29.3,53.9,26.5,5.0,High
Aligarh,Uttar Pradesh,,74.04,879.0,24446.0,0.842,2645.1,15.0,68.8,41.3,7.0,High
Karnal,Haryana,71.34,78.55,930.0,14348.0,0.447,1954.0,33.2,53.5,35.0,5.0,Low
Meerut,Uttar Pradesh,48.72,77.74,832.0,11945.0,0.634,1931.3,33.8,100.0,33.3,10.0,High
Kapurthala,Punjab,60.61,77.27,948.0,15868.0,0.39,2818.5,19.7,80.4,34.1,14.0,Medium
South 24 Parganas,West Bengal,70.99,79.73,903.0,15425.0,0.857,2685.8,19.9,76.6,15.4,3.0,High
North 24 Parganas,West Bengal,55.33,74.02,978.0,17354.0,0.921,1786.8,28.6,53.2,47.4,17.0,High
Purba Medinipur,West Bengal,71.5,,950.0,17163.0,0.495,2670.3,47.3,45.3,40.8,7.0,Medium
Gaya,Bihar,79.41,84.13,906.0,16573.0,0.559,3780.9,7.7,52.8,51.1,9.0,Medium
Sonipat,Haryana,57.11,75.97,918.0,13963.0,0.97,1414.4,35.9,59.7,47.4,5.0,High
Nalanda,Bihar,72.35,77.79,906.0,17210.0,0.114,2400.1,5.0,83.1,38.1,0.0,Low
Aligarh,Uttar Pradesh,62.45,77.75,929.0,16989.0,0.938,2508.9,20.3,49.8,30.0,0.0,High
Gandhinagar,Gujarat,53.38,84.53,1013.0,20765.0,0.535,2541.9,35.7,74.9,24.5,11.0,High
Vadodara,Gujarat,54.3,91.43,1010.0,14739.0,0.665,3171.2,34.2,17.0,33.0,19.0,High
Patna,Bihar,58.66,76.28,903.0,19037.0,0.368,1761.3,34.9,87.1,37.3,17.0,Medium
Ambala,Haryana,67.89,79.25,890.0,23176.0,0.285,2774.0,30.0,60.4,34.7,0.0,Low
Bhadrak,Odisha,42.48,76.76,898.0,13313.0,0.739,1909.4,33.2,88.3,39.3,4.0,High
Hisar,Haryana,64.38,82.75,983.0,19501.0,0.577,1857.6,37.7,50.3,17.8,14.0,Medium
Kolkata,West Bengal,77.79,83.71,922.0,19867.0,0.158,3441.8,12.1,84.8,52.8,1.0,Low
Murshidabad,West Bengal,67.22,80.18,928.0,21184.0,0.564,1974.8,37.2,55.3,34.2,5.0,Medium
Mumbai,Maharashtra,87.5,78.48,899.0,12951.0,0.416,2120.8,26.8,79.1,39.6,11.0,Low
Muzaffarpur,Bihar,54.17,82.07,973.0,21080.0,0.797,578.6,28.2,81.8,27.9,8.0,High
Faridabad,Haryana,68.53,83.56,907.0,16850.0,0.977,2305.8,28.4,56.8,50.7,15.0,High
Ghaziabad,Uttar Pradesh,84.61,82.76,887.0,19228.0,0.045,763.1,20.5,79.7,28.9,10.0,Low
Ajmer,Rajasthan,72.13,,1003.0,10382.0,0.885,3784.7,24.2,64.4,34.8,5.0,High
Paschim Medinipur,West Bengal,70.72,,946.0,30610.0,0.256,3257.3,25.1,79.7,50.2,6.0,Low
Ratnagiri,Maharashtra,59.58,84.75,903.0,19809.0,0.998,3042.1,36.2,43.0,39.1,9.0,High
Mayurbhanj,Odisha,61.67,89.15,938.0,19243.0,0.048,922.3,27.9,93.8,40.6,2.0,Low
Gurugram,Haryana,61.19,84.64,896.0,19665.0,0.766,1971.0,23.4,27.8,43.5,18.0,High
Mumbai,Maharashtra,72.92,82.84,864.0,19285.0,0.057,1856.3,13.0,77.6,58.8,18.0,Low
Howrah,West Bengal,74.08,70.58,885.0,23424.0,0.551,2295.0,19.4,86.5,41.9,3.0,Medium
Ludhiana,Punjab,58.9,87.62,942.0,25414.0,0.408,2739.2,40.9,57.6,46.0,12.0,Medium
Gandhinagar,Gujarat,64.82,81.83,890.0,27195.0,0.115,1706.3,38.9,61.1,29.4,5.0,Low
Hooghly,West Bengal,72.58,74.73,895.0,11321.0,0.706,,30.5,37.2,21.6,9.0,Medium
Kota,Rajasthan,67.77,75.26,924.0,14979.0,0.449,3192.7,20.6,46.9,28.5,2.0,Medium
Kolkata,West Bengal,74.37,73.88,990.0,11215.0,0.603,3591.0,28.1,56.9,28.9,1.0,Medium
Kota,Rajasthan,54.03,76.61,965.0,19282.0,0.709,3363.7,16.4,85.6,32.2,14.0,High
Satna,Madhya Pradesh,57.9,81.93,,11982.0,0.391,1272.0,13.7,88.6,37.4,16.0,Medium
Junagadh,Gujarat,56.67,74.92,811.0,15703.0,0.918,3785.0,29.6,98.4,40.8,17.0,High
Meerut,Uttar Pradesh,57.3,77.11,892.0,23695.0,0.87,2490.0,22.5,74.8,46.4,8.0,High
Agra,Uttar Pradesh,41.6,75.55,956.0,18935.0,0.339,2361.5,19.7,82.2,42.0,9.0,Medium
Jamnagar,Gujarat,72.56,78.57,898.0,18225.0,0.257,3072.2,26.3,74.1,15.1,16.0,Low
Ratlam,Madhya Pradesh,48.09,75.54,938.0,31996.0,,900.1,42.4,93.1,32.5,5.0,Low
Howrah,West Bengal,70.8,79.89,893.0,17095.0,0.373,3060.6,40.8,51.0,36.5,0.0,Low
Nagaur,Rajasthan,71.57,82.28,860.0,11947.0,0.655,2636.1,40.2,73.1,40.4,17.0,Medium
Mumbai,Maharashtra,61.18,79.27,949.0,24234.0,0.086,1942.5,17.8,100.0,55.6,11.0,Low
Sindhudurg,Maharashtra,51.17,80.45,1024.0,16723.0,0.575,1960.6,32.3,83.1,38.4,11.0,Medium
Rewa,Madhya Pradesh,59.11,79.93,912.0,15530.0,0.785,2941.1,32.8,68.3,17.7,19.0,High
Kutch,Gujarat,50.51,85.82,1050.0,12400.0,0.884,2050.0,45.1,59.6,37.6,19.0,High
Thane,Maharashtra,70.54,79.91,982.0,20819.0,0.316,4054.0,20.2,94.2,43.3,9.0,Medium
Bathinda,Punjab,62.52,89.81,920.0,29506.0,0.18,2377.2,24.4,82.3,32.5,7.0,Low
Bhopal,Madhya Pradesh,70.15,82.63,891.0,22744.0,0.141,1104.7,37.5,87.3,48.4,19.0,Low
Jamnagar,Gujarat,65.97,73.43,988.0,13742.0,0.016,2334.6,28.8,46.9,29.9,11.0,Low
Kanpur Nagar,Uttar Pradesh,63.72,76.08,950.0,10920.0,0.321,2539.5,24.1,67.2,28.8,11.0,Medium
Anand,Gujarat,66.76,77.46,934.0,20425.0,0.605,2169.5,11.8,77.0,39.1,6.0,Medium
Sindhudurg,Maharashtra,79.93,73.0,855.0,19936.0,0.923,2513.5,43.6,59.9,37.0,8.0,High
Hooghly,West Bengal,50.61,88.43,837.0,9641.0,0.978,792.1,17.4,79.8,54.1,16.0,High
Alwar,Rajasthan,86.19,77.78,913.0,11888.0,0.397,2526.0,34.3,36.2,59.2,19.0,Low
Sindhudurg,Maharashtra,68.08,89.43,832.0,14027.0,0.909,3786.7,12.1,61.7,33.1,7.0,High
,Maharashtra,70.37,86.6,903.0,20186.0,0.403,3574.2,5.4,84.4,28.4,10.0,Medium
Gandhinagar,Gujarat,76.94,86.51,841.0,31411.0,0.713,3644.5,26.5,83.6,24.4,3.0,High
Mumbai,Maharashtra,62.1,78.61,1010.0,12482.0,0.306,2483.5,43.7,82.9,40.4,2.0,Low
Murshidabad,West Bengal,63.33,82.87,874.0,8536.0,0.059,1981.9,30.1,37.7,41.8,7.0,Low
Ratnagiri,Maharashtra,,80.76,910.0,16756.0,0.785,3319.1,25.5,55.2,29.9,0.0,High
Gaya,Bihar,67.23,82.53,933.0,15445.0,0.182,2813.6,33.7,65.9,49.2,11.0,Low
Sikar,Rajasthan,53.58,83.49,949.0,16233.0,0.478,3257.2,13.7,65.0,61.2,14.0,Medium
Firozpur,Punjab,70.11,76.4,985.0,21946.0,0.1,3768.7,40.3,97.1,26.2,4.0,Low
Jaipur,Rajasthan,67.35,86.26,942.0,19671.0,0.821,1729.2,21.0,50.6,14.0,8.0,High
Bhopal,Madhya Pradesh,73.67,75.8,773.0,11497.0,0.912,3115.6,20.8,83.9,52.0,8.0,High
Pune,Maharashtra,87.97,80.12,931.0,13651.0,0.912,2384.1,21.3,92.0,39.2,1.0,High
Darjeeling,West Bengal,63.35,76.87,936.0,16844.0,0.748,1497.5,37.9,58.1,23.1,17.0,High
Amritsar,Punjab,67.72,70.03,889.0,17172.0,0.774,3345.1,18.5,54.7,27.2,6.0,High
Kutch,Gujarat,48.81,77.48,873.0,20759.0,0.884,3249.6,24.8,100.0,40.1,15.0,High
Indore,Madhya Pradesh,57.92,72.64,975.0,11835.0,0.013,2974.9,43.6,33.0,46.2,8.0,Low
Hooghly,West Bengal,74.19,70.64,949.0,18548.0,0.34,1752.3,44.6,80.4,41.4,16.0,Low
Bhagalpur,Bihar,71.88,83.94,948.0,23890.0,0.371,2848.0,34.9,79.0,43.5,2.0,Low
Satna,Madhya Pradesh,78.12,81.54,906.0,21059.0,0.13,2860.4,24.8,50.0,34.7,1.0,Low
Junagadh,Gujarat,67.69,86.67,918.0,18819.0,0.821,2707.7,33.1,52.5,31.1,16.0,High
Ludhiana,Punjab,60.14,82.78,929.0,25647.0,0.599,1407.9,35.2,74.6,25.4,12.0,Medium
Amritsar,Punjab,73.5,79.7,962.0,12985.0,0.796,2752.8,25.9,82.0,,3.0,High
Mayurbhanj,Odisha,68.82,80.59,926.0,21606.0,0.453,2336.0,31.9,33.4,34.4,8.0,Medium
Ahmedabad,Gujarat,65.91,80.15,877.0,16995.0,0.955,1068.2,15.0,76.4,28.8,10.0,High
Mumbai,Maharashtra,58.5,,971.0,19864.0,0.446,3341.8,32.4,79.8,34.4,6.0,Medium
Gurugram,Haryana,65.18,85.17,997.0,23427.0,0.91,3432.5,29.0,35.7,42.5,0.0,High
Jabalpur,Madhya Pradesh,55.17,82.15,892.0,15724.0,0.71,3420.3,29.7,85.1,33.2,1.0,High
Yamunanagar,Haryana,42.14,73.54,1033.0,27894.0,0.146,1057.0,37.5,49.2,28.2,12.0,Medium
Patna,Bihar,67.21,81.49,881.0,11436.0,0.761,,40.0,70.5,33.7,19.0,High
Bhadrak,Odisha,57.74,94.96,891.0,15528.0,0.447,3447.3,29.4,67.4,45.3,14.0,Medium
Bareilly,Uttar Pradesh,55.26,73.51,950.0,24197.0,0.631,3829.2,34.7,84.0,15.6,5.0,High
Gorakhpur,Uttar Pradesh,51.28,84.12,984.0,14192.0,0.302,2584.2,43.2,59.5,13.1,3.0,Low
Purba Medinipur,West Bengal,73.11,84.16,1015.0,20749.0,0.319,3206.2,54.9,53.7,38.6,19.0,Low
Bhadrak,Odisha,65.8,76.75,907.0,,0.543,2793.2,42.0,79.1,18.9,6.0,Medium
Sikar,Rajasthan,82.17,85.92,892.0,21477.0,0.054,2560.3,49.2,76.7,38.9,16.0,Low
Kota,Rajasthan,65.1,86.5,944.0,11900.0,0.158,1990.3,21.1,37.4,40.2,11.0,Low
Panipat,Haryana,39.31,79.12,858.0,7320.0,0.653,4002.4,35.3,60.9,49.5,6.0,High
Ahmedabad,Gujarat,71.98,80.58,963.0,23067.0,0.083,2359.1,34.1,50.9,40.1,6.0,Low
Ludhiana,Punjab,70.04,83.8,911.0,21401.0,0.509,1277.3,46.1,74.3,19.2,10.0,Medium
Murshidabad,West Bengal,52.75,81.08,925.0,18622.0,0.519,2490.6,31.1,65.5,31.9,7.0,High
Surat,Gujarat,,76.15,870.0,13113.0,0.625,2699.9,16.9,51.8,40.9,4.0,High
Aligarh,Uttar Pradesh,65.09,77.36,949.0,23353.0,0.249,3356.7,35.2,89.5,28.5,4.0,Low
Gandhinagar,Gujarat,63.71,75.93,853.0,27482.0,0.295,2762.9,26.8,77.1,34.0,17.0,Medium
Nagpur,Maharashtra,63.11,84.81,838.0,20659.0,0.873,1856.7,16.2,44.1,29.3,13.0,High
Prayagraj,Uttar Pradesh,68.72,87.33,934.0,12589.0,0.935,2461.2,28.2,83.7,30.7,9.0,High
Sangrur,Punjab,87.3,74.31,967.0,22257.0,0.029,1079.5,31.0,38.8,55.9,11.0,Low
Satna,Madhya Pradesh,48.88,82.09,980.0,16312.0,0.629,1657.2,19.5,88.5,43.6,17.0,High
Gorakhpur,Uttar Pradesh,65.15,81.52,919.0,25647.0,0.734,2402.0,31.2,63.8,29.5,2.0,High
Mayurbhanj,Odisha,51.68,71.88,935.0,13744.0,0.597,3295.3,26.0,37.5,43.9,13.0,High
Rohtak,Haryana,52.97,,977.0,19226.0,0.897,3227.6,30.4,51.1,50.8,11.0,High
Prayagraj,Uttar Pradesh,68.04,79.04,911.0,18410.0,0.699,3190.1,36.7,81.6,23.6,6.0,Medium
Ludhiana,Punjab,78.5,80.09,869.0,11700.0,0.184,2274.2,38.2,96.9,29.4,1.0,Low
Yamunanagar,Haryana,64.74,77.42,869.0,16029.0,0.421,2445.9,45.7,85.4,43.6,17.0,Medium
Patna,Bihar,63.57,89.23,937.0,20648.0,0.872,,37.8,64.3,34.6,2.0,High
Mumbai,Maharashtra,61.62,76.7,914.0,15103.0,0.423,2547.9,41.5,82.5,33.1,14.0,Medium
Cuttack,Odisha,62.87,68.69,990.0,20724.0,0.915,2784.4,15.8,77.9,43.4,6.0,High
Puri,Odisha,70.29,73.47,961.0,25323.0,0.594,3208.1,48.3,53.6,32.5,1.0,Medium
Vadodara,Gujarat,80.79,82.6,922.0,12664.0,0.28,2465.4,44.9,79.0,39.8,3.0,Low
Raigad,Maharashtra,70.06,85.12,917.0,12183.0,0.777,3203.4,17.1,71.8,41.2,6.0,High
Darbhanga,Bihar,68.38,75.66,852.0,19033.0,0.06,1402.2,11.0,100.0,41.4,11.0,Low
Kapurthala,Punjab,69.42,81.49,932.0,17931.0,0.391,2211.8,22.0,44.7,32.7,9.0,Medium
Firozpur,Punjab,70.86,81.49,974.0,24659.0,0.62,1373.1,10.6,60.9,42.6,13.0,Medium
Junagadh,Gujarat,72.22,78.52,1007.0,24875.0,0.432,2265.4,44.0,83.8,12.6,5.0,Medium
Ratlam,,58.16,82.32,884.0,18812.0,0.563,1619.1,31.2,,21.1,19.0,High
Varanasi,Uttar Pradesh,63.14,79.84,990.0,16815.0,0.504,3263.1,37.0,65.0,47.4,7.0,Medium
Nadia,West Bengal,62.12,69.31,942.0,19171.0,0.591,1914.2,22.2,79.4,26.6,8.0,Medium
Sagar,Madhya Pradesh,77.49,80.17,954.0,27974.0,0.23,3395.1,25.0,100.0,43.6,10.0,Low
Kendrapara,Odisha,53.33,76.0,986.0,20452.0,0.348,2519.8,35.5,95.8,39.9,7.0,Low
Kutch,Gujarat,60.4,82.54,1033.0,11528.0,0.11,1794.0,29.8,74.5,14.3,4.0,Low
Solapur,Maharashtra,61.12,87.96,920.0,17606.0,0.909,2289.2,29.5,53.1,10.3,10.0,High
Hoshiarpur,Punjab,57.42,76.78,880.0,,,3881.3,29.1,75.5,21.1,1.0,Medium
Nagaur,Rajasthan,59.9,80.44,918.0,19416.0,0.356,3205.9,24.2,10.0,30.0,12.0,Medium
Anand,Gujarat,68.45,86.19,907.0,9110.0,0.724,2785.0,31.8,84.7,48.0,12.0,Medium
Hisar,Haryana,66.04,72.43,874.0,12085.0,0.008,1402.1,15.5,73.3,47.9,14.0,Low
Amritsar,Punjab,69.67,75.56,937.0,25745.0,0.018,2601.3,17.8,69.5,32.0,8.0,Low
Sangrur,Punjab,75.53,78.91,987.0,23453.0,0.337,2450.6,37.5,64.1,30.6,13.0,Low
Solapur,Maharashtra,51.28,83.11,907.0,31407.0,0.87,1190.1,31.5,55.7,26.2,15.0,High
Firozpur,Punjab,53.9,84.0,898.0,14048.0,0.067,1601.7,14.8,16.7,45.4,13.0,Low
Pune,Maharashtra,72.79,72.92,957.0,21268.0,0.256,3864.4,29.7,47.3,33.6,10.0,Low
Satna,Madhya Pradesh,53.73,80.31,980.0,19075.0,0.499,2806.0,28.3,84.4,46.5,5.0,Medium
Patna,Bihar,65.56,75.21,955.0,10254.0,0.833,3909.7,28.6,61.8,36.2,16.0,High
Gwalior,Madhya Pradesh,71.39,81.83,962.0,18155.0,0.792,2480.5,39.2,78.5,19.2,17.0,High
Jaipur,Rajasthan,80.28,74.75,904.0,18537.0,0.305,1722.1,39.4,73.3,34.9,4.0,Low
Aligarh,Uttar Pradesh,73.89,79.84,956.0,13694.0,0.3,2539.2,41.1,72.7,46.9,18.0,Low
Kutch,Gujarat,65.99,73.06,927.0,13674.0,0.486,1473.5,34.7,100.0,45.5,13.0,Medium
Ghaziabad,Uttar Pradesh,59.08,81.89,882.0,11878.0,0.009,3158.7,53.5,56.3,35.7,19.0,Low
Begusarai,Bihar,55.07,85.9,973.0,18401.0,0.263,2457.3,27.7,68.9,48.8,19.0,Low
Jodhpur,Rajasthan,76.66,78.84,949.0,15593.0,0.144,2902.3,24.4,73.2,25.2,16.0,Low
Agra,Uttar Pradesh,63.14,73.04,806.0,23112.0,0.006,2097.6,35.6,53.7,22.6,12.0,Low
Kutch,Gujarat,60.38,78.62,803.0,17482.0,0.671,3611.7,44.3,66.2,11.6,0.0,High
Agra,Uttar Pradesh,61.95,84.49,999.0,10991.0,0.502,2949.7,23.1,54.5,25.2,11.0,Medium
Solapur,Maharashtra,56.01,83.4,770.0,24552.0,0.519,2859.0,34.2,63.7,37.1,19.0,High
Sonipat,Haryana,64.93,84.5,969.0,17213.0,0.427,2962.8,28.6,76.9,40.0,17.0,Medium
Purnia,Bihar,93.59,83.35,913.0,20574.0,0.774,1742.0,15.4,41.3,32.3,12.0,Medium
Gurdaspur,Punjab,63.71,83.17,915.0,18820.0,0.825,1817.3,30.8,84.2,49.8,15.0,High
Patna,Bihar,58.02,81.08,909.0,10848.0,0.158,2114.0,36.9,54.9,36.2,1.0,Low
Kanpur Nagar,Uttar Pradesh,61.03,77.64,957.0,26229.0,0.05,3295.8,36.2,73.9,18.7,7.0,Low
Hoshiarpur,Punjab,58.01,75.25,931.0,19316.0,0.119,3091.3,28.5,66.3,27.9,17.0,Low
Gorakhpur,Uttar Pradesh,41.77,74.39,924.0,12082.0,0.36,4000.4,18.5,64.6,27.9,9.0,Medium
Ludhiana,Punjab,65.23,84.05,973.0,18302.0,0.106,2279.9,25.9,36.4,31.2,1.0,Low
Darjeeling,West Bengal,58.89,73.86,932.0,13505.0,0.833,3207.8,29.3,66.9,47.5,11.0,High
Satna,Madhya Pradesh,61.47,82.76,877.0,11870.0,0.701,2267.1,32.0,48.9,34.0,14.0,High
Ghaziabad,Uttar Pradesh,75.04,84.57,939.0,14858.0,0.044,2506.4,28.4,62.7,46.8,5.0,Low
Nashik,Maharashtra,60.85,91.41,854.0,25469.0,0.157,2849.6,39.2,57.5,45.2,7.0,Low
Sikar,Rajasthan,69.92,,979.0,14722.0,0.77,1888.3,29.0,82.8,37.3,3.0,High
Rewa,Madhya Pradesh,70.33,89.08,876.0,22383.0,0.7,1975.4,33.4,75.0,38.5,13.0,High
Ratlam,Madhya Pradesh,61.44,72.74,947.0,27777.0,0.265,511.8,29.8,59.0,43.5,14.0,Low
Ratnagiri,Maharashtra,58.9,87.93,899.0,22819.0,0.766,2408.9,23.9,91.3,29.6,11.0,High
Aligarh,Uttar Pradesh,47.79,72.85,922.0,,0.054,3112.8,25.9,54.2,37.9,1.0,Low
Balasore,Odisha,90.29,81.99,965.0,20344.0,0.147,1790.6,41.1,81.9,34.9,17.0,Low
Faridabad,Haryana,62.84,75.64,982.0,21658.0,0.033,1567.4,26.1,85.4,39.9,16.0,Low
,West Bengal,81.53,86.47,902.0,20064.0,0.264,3037.5,24.5,65.7,20.0,3.0,Low
Ratlam,Madhya Pradesh,64.14,90.22,906.0,8742.0,0.986,2013.9,32.9,65.0,39.1,14.0,High
Bharatpur,Rajasthan,61.26,74.81,842.0,23279.0,0.325,2953.4,32.5,47.6,37.5,19.0,Medium
Bharatpur,Rajasthan,54.77,88.47,960.0,14944.0,0.156,1327.9,34.5,67.6,32.9,16.0,Low
Nadia,West Bengal,86.26,76.38,936.0,25006.0,0.243,2066.7,17.1,43.5,35.6,10.0,Low
Gurugram,Haryana,69.87,86.47,871.0,14500.0,0.95,4465.0,19.0,72.8,35.7,14.0,High
Mayurbhanj,Odisha,55.72,77.13,867.0,16684.0,0.827,1796.3,25.2,84.9,34.2,15.0,High
Kanpur Nagar,Uttar Pradesh,58.01,84.12,896.0,15874.0,0.51,2984.3,36.9,71.1,31.6,8.0,Medium
Faridabad,Haryana,47.33,73.02,858.0,8695.0,0.34,1466.0,31.5,91.9,28.9,12.0,Medium
Bhavnagar,Gujarat,79.22,77.62,824.0,24924.0,0.747,2302.2,39.4,78.6,55.9,14.0,High
Jamnagar,Gujarat,52.04,70.91,947.0,14820.0,0.099,1763.4,17.7,73.9,39.7,0.0,Low
Solapur,Maharashtra,70.09,77.19,901.0,20188.0,0.746,3764.4,30.6,94.1,36.1,8.0,High
Hoshiarpur,Punjab,86.9,72.96,912.0,15953.0,0.993,2799.1,32.1,89.8,16.8,12.0,High
Gorakhpur,Uttar Pradesh,73.37,84.18,921.0,19644.0,0.741,2594.1,37.1,94.5,45.5,18.0,Medium
Sindhudurg,Maharashtra,61.24,79.95,890.0,15639.0,0.516,1756.1,20.1,64.1,22.7,9.0,Medium
Lucknow,Uttar Pradesh,61.87,81.72,860.0,11116.0,0.615,3293.6,8.8,78.8,44.0,8.0,Medium
Karnal,Haryana,63.62,84.9,839.0,16212.0,0.146,1477.7,41.0,70.6,40.8,12.0,Low
Surat,Gujarat,50.18,73.16,915.0,10019.0,0.985,2056.5,29.0,61.9,27.5,12.0,High
Nalanda,Bihar,70.4,80.99,882.0,18158.0,0.03,1243.8,27.6,77.4,41.4,8.0,Low
Kanpur Nagar,Uttar Pradesh,69.75,79.18,938.0,25432.0,0.669,1106.3,5.6,70.7,25.1,4.0,Medium
Gaya,Bihar,74.44,72.55,900.0,20131.0,0.906,2254.2,15.5,70.6,32.8,0.0,High
Solapur,Maharashtra,80.82,77.18,1040.0,13969.0,0.752,1661.8,33.2,80.2,49.6,18.0,Medium
Darbhanga,Bihar,69.25,86.29,950.0,22975.0,0.017,3933.3,40.2,88.7,30.9,12.0,Low
Ajmer,Rajasthan,53.98,71.8,959.0,11340.0,0.298,1819.9,36.5,66.6,43.3,2.0,Low
Ratnagiri,Maharashtra,82.84,87.5,889.0,24810.0,0.75,886.5,44.9,62.5,35.5,8.0,Medium
Anand,Gujarat,56.73,81.61,1006.0,14876.0,0.705,1813.4,27.8,70.0,26.4,18.0,High
Kapurthala,Punjab,55.02,72.73,893.0,20933.0,0.058,1783.0,29.9,78.5,40.1,6.0,Low
Rohtak,Haryana,43.77,81.83,949.0,9355.0,0.226,2489.8,13.2,42.9,35.7,15.0,Medium
Vadodara,Gujarat,56.71,85.91,964.0,14935.0,0.385,2242.7,23.9,35.0,27.6,3.0,Medium
Bareilly,Uttar Pradesh,54.93,82.97,951.0,18275.0,0.048,2778.2,31.4,79.2,47.6,15.0,Low
Panipat,Haryana,56.45,73.95,953.0,23953.0,0.647,2694.1,26.1,54.9,29.3,11.0,Medium
Satna,Madhya Pradesh,62.41,77.69,841.0,16647.0,0.206,2486.3,23.8,88.3,41.0,3.0,Low
South 24 Parganas,West Bengal,67.1,83.27,980.0,24743.0,0.68,2277.6,36.2,78.0,39.9,15.0,Medium
Bikaner,Rajasthan,54.87,83.65,920.0,14299.0,0.794,2403.0,22.1,50.0,28.4,14.0,High
Raigad,Maharashtra,54.54,82.76,879.0,12205.0,0.502,3213.9,39.2,48.3,29.1,19.0,Medium
Varanasi,Uttar Pradesh,53.96,86.56,970.0,22061.0,0.547,2696.6,23.9,91.7,37.7,9.0,Medium
Balasore,Odisha,79.39,80.26,887.0,7529.0,0.637,1906.8,17.4,65.5,28.5,11.0,Medium
Sagar,Madhya Pradesh,71.35,78.87,917.0,8888.0,0.176,2520.2,27.3,76.5,21.1,10.0,Low
Rewari,Haryana,62.73,78.37,924.0,13459.0,0.267,2281.4,22.6,60.2,55.1,8.0,Medium
Satna,Madhya Pradesh,65.83,69.88,985.0,15058.0,0.774,2218.9,35.5,70.6,34.7,1.0,Medium
Varanasi,Uttar Pradesh,66.47,80.3,991.0,17499.0,0.168,2983.9,30.5,69.1,30.2,12.0,Low
Junagadh,Gujarat,61.59,88.32,921.0,22754.0,0.277,3816.7,28.4,60.6,37.9,16.0,Low
Anand,Gujarat,58.85,86.99,920.0,14451.0,0.122,3186.1,38.1,70.0,38.7,1.0,Low
Thane,Maharashtra,62.85,77.29,946.0,14386.0,0.445,2615.8,44.2,76.3,24.8,0.0,Medium
Nagaur,Rajasthan,69.07,78.51,886.0,18698.0,0.924,1972.8,39.7,52.2,12.8,15.0,High
Gwalior,Madhya Pradesh,58.37,74.25,880.0,,0.097,3087.9,25.2,61.4,33.9,6.0,Low
Mumbai,Maharashtra,63.02,86.77,979.0,10208.0,0.53,3001.0,32.2,46.7,28.4,1.0,Medium
Firozpur,Punjab,72.6,85.9,938.0,16855.0,0.79,500.0,27.9,67.6,38.1,14.0,High
Gwalior,Madhya Pradesh,71.1,80.14,1017.0,13567.0,0.477,1826.6,50.5,65.6,22.1,9.0,Medium
Balasore,Odisha,61.52,73.28,920.0,17060.0,0.848,2001.6,11.9,34.5,41.4,0.0,High
Hooghly,West Bengal,74.06,79.38,868.0,22582.0,0.512,1895.5,18.9,100.0,23.7,10.0,Medium
Alwar,Rajasthan,55.89,79.81,872.0,23530.0,0.236,2902.3,28.4,57.5,43.1,6.0,Medium
Gorakhpur,Uttar Pradesh,64.06,72.38,877.0,12442.0,0.077,2956.4,14.8,77.7,36.5,10.0,Low
Meerut,Uttar Pradesh,60.72,75.08,904.0,16706.0,0.821,4288.3,29.3,82.9,32.7,17.0,High
Prayagraj,Uttar Pradesh,53.81,87.66,931.0,18554.0,0.084,1756.3,32.1,72.5,12.0,5.0,Low
Ratnagiri,Maharashtra,76.96,77.5,908.0,20819.0,0.09,2093.1,23.1,84.4,51.4,4.0,Low
Saran,Bihar,55.13,71.99,893.0,18653.0,0.276,2744.6,48.2,85.2,39.5,1.0,Medium
Howrah,West Bengal,54.44,86.57,863.0,18054.0,0.439,2537.5,15.2,28.1,21.1,19.0,Medium
Bikaner,Rajasthan,67.43,87.17,912.0,25815.0,0.395,2837.8,47.0,70.9,30.4,2.0,Medium
,Maharashtra,69.63,72.51,916.0,22015.0,0.077,3984.8,5.0,94.3,36.8,17.0,Low
Indore,Madhya Pradesh,74.25,85.58,889.0,25070.0,0.289,2209.0,32.8,,35.6,5.0,Low
Gurdaspur,Punjab,62.42,77.68,826.0,26395.0,0.451,3714.8,38.6,63.4,27.6,18.0,Medium
Bikaner,Rajasthan,73.98,89.23,896.0,18827.0,0.567,2511.8,42.7,100.0,42.5,1.0,Medium
Indore,Madhya Pradesh,80.86,81.33,899.0,14558.0,0.995,3627.2,25.0,91.3,34.5,1.0,High
Jaipur,Rajasthan,53.3,80.4,955.0,30919.0,0.851,2717.3,29.2,100.0,37.7,11.0,High
Kapurthala,Punjab,75.07,78.84,928.0,8870.0,0.445,3396.5,39.1,70.6,37.6,5.0,Medium
Rohtak,Haryana,78.01,90.15,964.0,19313.0,0.814,4407.2,30.5,57.5,26.8,0.0,High
Bhopal,Madhya Pradesh,68.46,67.62,1019.0,9207.0,0.718,1408.6,34.7,83.2,37.0,10.0,High
Udaipur,Rajasthan,59.2,83.85,956.0,6203.0,0.539,2002.2,44.3,100.0,44.8,16.0,Medium
Sindhudurg,Maharashtra,59.85,80.53,874.0,19528.0,0.632,3688.4,29.3,73.7,40.6,12.0,High
Jajpur,Odisha,72.08,81.32,947.0,17505.0,0.929,2323.1,33.0,100.0,41.7,5.0,High
Hisar,Haryana,59.85,78.67,945.0,18204.0,0.598,1102.5,21.3,87.2,24.2,16.0,Medium
Hoshiarpur,Punjab,61.1,72.1,919.0,11778.0,0.095,4070.8,32.6,89.3,22.9,3.0,Low
Alwar,Rajasthan,59.78,82.38,895.0,15308.0,0.83,2805.9,13.3,65.0,,19.0,High
Bhavnagar,Gujarat,71.67,72.37,1013.0,18797.0,0.582,2589.1,5.0,40.0,25.9,0.0,Medium
Rewa,Madhya Pradesh,69.49,,885.0,15708.0,0.049,2307.4,14.0,77.6,37.4,14.0,Low
Hoshiarpur,Punjab,72.62,79.31,819.0,17358.0,0.68,1838.9,21.0,59.8,35.7,4.0,High
Ambala,Haryana,72.59,77.39,920.0,14493.0,0.379,2181.2,31.4,100.0,39.2,1.0,Medium
Nagpur,Maharashtra,59.59,84.08,937.0,18288.0,0.111,2979.2,31.8,92.8,45.6,16.0,Low
Ratlam,Madhya Pradesh,57.81,78.63,928.0,16549.0,0.322,2666.0,22.0,45.3,29.2,14.0,Medium
Kolkata,West Bengal,59.21,75.52,901.0,14148.0,0.609,1972.1,17.4,78.2,42.3,5.0,High
Cuttack,Odisha,67.98,79.33,989.0,22649.0,0.354,2115.2,35.2,100.0,39.0,19.0,Low
Ajmer,Rajasthan,60.76,86.6,1047.0,18520.0,0.207,2588.1,38.0,54.9,35.6,0.0,Low
Jalandhar,Punjab,58.28,,842.0,19557.0,0.729,4060.6,40.7,64.9,25.0,14.0,High
Ratnagiri,Maharashtra,78.2,88.43,835.0,15441.0,0.619,2991.1,23.1,56.7,40.7,17.0,Medium
Khordha,Odisha,65.73,85.29,929.0,15617.0,0.019,2583.9,13.5,58.2,42.7,13.0,Low
Nagpur,Maharashtra,74.58,80.79,944.0,16493.0,0.084,1779.4,25.2,79.4,41.6,16.0,Low
Sonipat,Haryana,63.63,68.44,870.0,12230.0,0.003,2628.3,27.8,46.8,36.8,0.0,Low
Thane,Maharashtra,80.78,71.48,953.0,15418.0,0.729,3470.6,40.3,41.7,28.8,2.0,Medium
Solapur,Maharashtra,53.34,79.08,912.0,17620.0,0.753,2893.0,29.5,71.4,49.3,10.0,High
South 24 Parganas,West Bengal,72.97,84.69,892.0,6829.0,0.186,3767.0,41.0,77.7,43.0,10.0,Low
Faridabad,Haryana,48.87,79.59,916.0,19537.0,0.341,,43.3,97.5,23.7,9.0,Medium
Panipat,,52.68,71.8,930.0,12394.0,0.714,3965.0,36.3,80.0,18.6,5.0,High
Bathinda,Punjab,76.62,77.72,822.0,20768.0,0.313,2706.4,6.1,58.5,33.6,12.0,Medium
Howrah,West Bengal,72.74,86.46,952.0,13609.0,0.781,2925.2,33.7,66.2,50.8,18.0,High
Gurugram,Haryana,58.93,78.42,955.0,22055.0,0.162,2174.9,20.1,63.5,36.3,19.0,Low
Jamnagar,Gujarat,66.21,80.39,1015.0,11754.0,0.437,2880.9,40.8,58.6,49.4,13.0,Medium
Sangrur,Punjab,64.72,73.73,918.0,16654.0,0.485,2749.3,20.1,66.1,32.5,18.0,Medium
Amritsar,Punjab,71.19,82.64,955.0,16491.0,0.472,2614.4,24.0,64.8,41.0,3.0,Medium
,Punjab,69.65,66.61,902.0,21030.0,0.072,2271.4,25.3,60.9,39.1,7.0,Low
Prayagraj,Uttar Pradesh,79.38,77.65,1032.0,21767.0,0.707,3762.7,28.5,74.0,29.7,12.0,Medium
Kapurthala,Punjab,89.3,88.34,898.0,15529.0,0.931,1620.2,28.3,63.2,37.1,10.0,High
Hooghly,West Bengal,75.77,80.14,856.0,19073.0,0.599,2396.5,35.5,50.7,29.1,15.0,Medium
Sonipat,Haryana,77.68,74.31,921.0,21020.0,0.411,1881.8,44.5,78.5,22.8,4.0,Medium
Jalandhar,Punjab,38.5,74.1,922.0,12572.0,0.399,1836.1,49.3,83.5,37.1,19.0,Medium
Ambala,Haryana,64.62,82.28,864.0,19774.0,0.435,3545.4,25.4,90.9,29.5,8.0,Medium
Gurdaspur,Punjab,59.35,84.05,867.0,23041.0,0.712,2546.5,20.5,77.5,35.0,2.0,High
Patna,Bihar,53.78,83.42,906.0,17132.0,0.206,2757.3,35.7,55.1,34.6,11.0,Medium
Yamunanagar,Haryana,60.08,80.8,911.0,14969.0,0.678,1606.2,8.0,74.6,37.3,6.0,High
Rewa,Madhya Pradesh,53.27,80.26,924.0,17755.0,0.855,3720.4,15.1,100.0,35.5,15.0,High
Bhopal,Madhya Pradesh,70.07,74.02,968.0,17678.0,0.616,2995.8,40.3,90.7,55.6,15.0,Medium
Jalandhar,Punjab,70.59,83.05,855.0,17724.0,0.131,1609.4,28.2,42.0,48.7,7.0,Low
Yamunanagar,,48.37,79.53,921.0,15915.0,0.501,3195.4,18.5,100.0,56.6,0.0,Medium
Begusarai,Bihar,77.75,82.14,983.0,18936.0,0.115,1799.7,25.0,84.7,8.6,14.0,Low
,Bihar,60.38,75.7,906.0,27165.0,0.149,2660.5,24.0,63.9,24.3,3.0,Low
Gorakhpur,Uttar Pradesh,69.3,70.86,984.0,31082.0,0.509,1744.1,40.7,30.5,50.3,15.0,Medium
Bhagalpur,Bihar,59.33,75.03,944.0,25594.0,0.667,2616.5,38.2,94.7,56.0,4.0,High
Hoshiarpur,Punjab,39.76,70.78,947.0,19233.0,0.469,1644.5,40.6,45.3,36.7,17.0,High
Rohtak,Haryana,60.43,84.21,931.0,14394.0,0.984,2027.7,19.9,20.3,23.1,12.0,High
Begusarai,Bihar,51.66,85.06,980.0,10475.0,0.833,1882.9,31.3,45.6,32.5,3.0,High
Bareilly,Uttar Pradesh,72.83,74.66,990.0,20490.0,0.798,2290.5,24.9,77.9,42.0,2.0,High
Gandhinagar,Gujarat,70.26,73.46,900.0,14069.0,0.374,3970.0,18.6,97.7,30.4,4.0,Medium
Bharatpur,Rajasthan,68.57,73.06,897.0,21090.0,0.895,3612.7,28.8,58.4,40.5,6.0,High
Ajmer,Rajasthan,74.67,75.67,966.0,15338.0,0.359,1673.1,25.9,55.4,25.3,10.0,Medium
Khordha,Odisha,49.66,67.11,876.0,18978.0,0.353,2465.9,23.8,84.0,27.6,3.0,Medium
Purnia,Bihar,67.64,80.01,930.0,20197.0,0.501,1581.6,18.4,79.5,42.0,17.0,Medium
Balasore,Odisha,84.76,76.92,909.0,18081.0,0.632,1085.0,20.1,60.1,38.4,17.0,Medium
Rohtak,Haryana,66.7,81.34,964.0,15781.0,0.827,1309.8,23.9,72.1,31.5,9.0,High
Jajpur,Odisha,66.32,74.28,887.0,11483.0,0.331,3017.1,34.5,63.4,67.8,6.0,Medium
Hoshiarpur,Punjab,68.66,87.59,843.0,22408.0,0.169,2832.4,26.9,52.0,26.6,15.0,Low
Karnal,Haryana,81.53,80.44,889.0,23257.0,0.59,2441.6,27.7,47.0,,18.0,Medium
Udaipur,Rajasthan,65.65,76.31,883.0,12747.0,0.262,1933.6,34.2,16.8,29.5,0.0,Low
Begusarai,Bihar,90.35,88.98,981.0,25742.0,0.033,,43.4,48.6,43.9,2.0,Low
Bathinda,Punjab,83.54,82.98,893.0,12226.0,0.445,2865.9,33.9,70.4,29.0,17.0,Low
Ghaziabad,Uttar Pradesh,66.96,78.04,941.0,22176.0,0.555,1841.9,29.1,78.7,37.5,4.0,Medium
Howrah,West Bengal,67.56,77.45,845.0,13840.0,0.151,2867.0,25.7,98.2,39.8,3.0,Low
Nalanda,Bihar,83.54,70.01,908.0,15365.0,0.013,2894.4,14.4,67.8,24.6,18.0,Low
Firozpur,Punjab,79.55,69.0,969.0,15143.0,0.208,2263.1,25.7,57.7,39.4,14.0,Low
Nagpur,Maharashtra,60.31,72.66,959.0,14945.0,0.102,1580.3,41.0,52.9,45.2,18.0,Low
Nadia,West Bengal,73.77,80.3,914.0,11197.0,0.086,2461.5,18.9,76.0,26.1,18.0,Low
Nagpur,Maharashtra,61.42,79.03,975.0,18765.0,0.276,2020.9,42.2,76.1,46.5,14.0,Low
Paschim Medinipur,West Bengal,58.5,77.46,854.0,20730.0,0.945,1644.8,23.7,92.3,26.8,14.0,High
Bikaner,Rajasthan,81.46,81.86,906.0,15442.0,0.967,1769.2,36.2,22.8,26.0,0.0,High
Ratnagiri,Maharashtra,61.17,85.53,941.0,9027.0,0.637,2035.4,,37.4,30.2,14.0,High
Mumbai,Maharashtra,66.04,76.13,944.0,16069.0,0.553,3693.9,45.8,84.8,39.5,17.0,Medium
Firozpur,Punjab,67.15,90.26,930.0,12174.0,0.618,2037.6,16.0,42.4,34.8,14.0,Medium
Sindhudurg,Maharashtra,66.47,79.72,868.0,18717.0,0.979,1929.4,29.6,83.1,47.7,1.0,High
Nagpur,Maharashtra,70.21,77.26,931.0,22873.0,0.186,1884.4,14.4,51.3,64.6,1.0,Low
Murshidabad,West Bengal,63.91,79.23,942.0,20726.0,0.434,2325.1,10.3,72.0,35.5,10.0,Medium
Bhavnagar,Gujarat,52.4,84.09,919.0,9756.0,0.1,2559.7,38.1,36.2,30.5,5.0,Low
Purnia,Bihar,63.97,77.42,955.0,15805.0,0.358,2428.9,28.5,53.7,22.9,6.0,Medium
Ujjain,Madhya Pradesh,71.39,81.01,983.0,25222.0,0.009,2773.9,20.2,100.0,37.3,2.0,Low
Rajkot,Gujarat,49.4,81.21,958.0,19423.0,0.498,3150.0,46.8,35.3,37.8,6.0,High
,Bihar,48.84,79.59,954.0,17589.0,0.187,3292.5,19.8,95.8,37.5,2.0,Low
Rewa,Madhya Pradesh,57.84,83.8,975.0,19713.0,0.911,2489.5,44.8,76.4,56.9,18.0,High
Darbhanga,Bihar,52.8,81.0,925.0,15514.0,0.973,3043.8,11.7,83.0,37.0,17.0,High
Kendrapara,Odisha,55.1,77.53,835.0,18871.0,0.622,872.7,26.5,75.6,37.6,6.0,High
Panipat,Haryana,74.36,86.23,825.0,22582.0,0.355,1786.2,33.0,100.0,39.6,4.0,Medium
Jalandhar,Punjab,79.54,82.77,914.0,9357.0,0.236,3687.7,29.3,54.2,46.4,0.0,Low
Patna,Bihar,68.83,82.83,923.0,25233.0,0.566,2509.5,23.9,51.4,39.1,6.0,Medium
Bhadrak,Odisha,65.28,81.23,967.0,26803.0,0.516,2610.3,19.9,90.1,42.8,7.0,Medium
Darbhanga,Bihar,70.49,82.4,962.0,12731.0,0.094,3185.0,5.0,79.2,42.4,11.0,Low
Raigad,Maharashtra,70.78,76.57,895.0,19553.0,0.307,3025.9,18.7,80.4,28.0,8.0,Low
Patna,Bihar,58.77,81.64,915.0,17861.0,0.867,2050.2,32.1,63.8,27.5,13.0,High
Agra,Uttar Pradesh,83.37,83.07,846.0,14289.0,0.787,2687.4,12.5,64.3,32.4,12.0,High
Kanpur Nagar,Uttar Pradesh,48.63,78.55,815.0,23739.0,0.826,2035.6,37.4,68.0,61.8,17.0,High
Chhindwara,Madhya Pradesh,50.6,81.32,907.0,17559.0,0.51,3000.4,32.7,53.2,35.3,3.0,High
Kota,Rajasthan,62.13,81.66,848.0,10744.0,0.517,2888.4,29.8,60.4,33.9,6.0,Medium
Faridabad,Haryana,56.17,82.69,870.0,23679.0,,1578.8,16.4,93.3,39.4,0.0,Low
Satna,Madhya Pradesh,64.0,84.91,873.0,13408.0,0.24,2326.6,25.6,54.2,28.6,14.0,Medium
Gandhinagar,Gujarat,64.67,76.85,934.0,19804.0,0.791,1727.3,42.2,90.4,30.2,19.0,High
Ratlam,Madhya Pradesh,66.58,76.68,885.0,13411.0,0.098,2294.1,32.4,91.7,32.7,3.0,Low
Bharatpur,Rajasthan,67.48,77.56,955.0,24229.0,0.316,1859.2,15.8,67.0,24.2,19.0,Medium
Agra,Uttar Pradesh,73.65,81.85,988.0,15025.0,0.969,3725.9,26.7,88.0,26.7,15.0,High
Hoshiarpur,Punjab,49.82,85.53,845.0,25966.0,0.031,3215.4,34.1,57.5,42.2,12.0,Low
Nagaur,Rajasthan,52.58,72.2,823.0,17527.0,0.945,1578.8,11.3,77.9,39.9,1.0,High
Vadodara,Gujarat,77.59,82.54,935.0,22377.0,0.772,2927.1,38.9,80.2,21.9,,High
Mayurbhanj,Odisha,50.21,79.82,939.0,20235.0,0.257,1762.8,20.9,82.5,37.0,4.0,Medium
Vadodara,Gujarat,60.18,82.85,899.0,17026.0,0.706,3080.4,38.3,89.4,42.7,16.0,High
Purba Medinipur,West Bengal,63.24,74.04,921.0,19493.0,0.973,3708.2,22.1,47.2,39.7,19.0,High
Anand,Gujarat,60.74,78.08,945.0,17131.0,0.36,3343.8,17.0,41.5,34.7,12.0,Low
Khordha,Odisha,64.0,77.65,958.0,18837.0,0.388,718.8,22.7,54.6,49.4,2.0,Medium
Nalanda,Bihar,70.49,77.9,879.0,21909.0,0.008,1784.5,43.5,72.6,25.6,2.0,Low
Kanpur Nagar,Uttar Pradesh,50.58,87.35,944.0,26636.0,0.933,2815.0,38.1,91.2,48.1,17.0,High
Jagatsinghpur,Odisha,59.97,72.93,946.0,12661.0,0.984,2681.3,24.5,46.0,32.5,11.0,High
Meerut,Uttar Pradesh,60.19,78.97,944.0,20403.0,0.038,500.0,30.1,48.2,33.5,5.0,Low
Aligarh,Uttar Pradesh,79.01,76.75,878.0,21547.0,0.365,1967.2,32.3,49.8,59.8,19.0,Medium
Kapurthala,Punjab,76.61,77.74,950.0,15635.0,0.201,3149.3,31.3,80.1,30.1,8.0,Low
Begusarai,Bihar,77.58,70.71,878.0,22539.0,0.642,2371.4,26.6,75.7,35.8,15.0,Medium
Ahmedabad,Gujarat,69.24,84.55,947.0,16305.0,0.533,3185.3,17.9,84.2,40.2,2.0,Medium
Gurugram,Haryana,77.98,85.9,918.0,12736.0,0.931,1091.2,44.9,63.5,31.6,8.0,High
Jodhpur,Rajasthan,65.8,86.05,924.0,13649.0,0.251,2081.6,43.3,97.8,39.1,11.0,Low
Murshidabad,West Bengal,77.27,81.92,842.0,12443.0,,2827.3,13.2,100.0,44.1,13.0,Low
Cuttack,Odisha,61.16,85.28,992.0,21906.0,0.9,3714.9,29.0,74.2,17.9,1.0,High
Hisar,Haryana,43.14,77.35,929.0,20387.0,0.193,1560.9,19.5,89.6,24.9,17.0,Medium
Rewa,Madhya Pradesh,73.19,86.21,878.0,16027.0,0.541,2551.7,25.6,59.9,20.0,13.0,Medium
Ajmer,Rajasthan,75.3,82.75,966.0,18284.0,0.026,1445.3,21.2,75.0,43.3,10.0,Low
Chhindwara,Madhya Pradesh,48.55,84.17,864.0,18832.0,0.794,3053.0,24.4,60.2,36.7,15.0,High
Hooghly,West Bengal,53.71,78.39,978.0,16170.0,0.457,2764.0,25.4,36.2,13.5,15.0,Medium
Bikaner,Rajasthan,79.39,74.73,907.0,15157.0,0.79,2163.7,24.1,53.9,38.1,6.0,High
Hisar,Haryana,77.66,85.23,851.0,16322.0,0.84,2446.6,29.6,88.9,34.7,2.0,High
Jodhpur,Rajasthan,55.01,78.89,917.0,23980.0,0.001,3193.9,32.4,71.3,43.7,10.0,Low
Darbhanga,Bihar,76.15,77.73,909.0,18345.0,0.032,2177.1,34.9,100.0,25.8,17.0,Low
Raigad,Maharashtra,55.84,80.74,817.0,17331.0,0.108,2925.4,38.9,70.7,15.3,15.0,Medium
Purba Medinipur,West Bengal,77.83,89.38,841.0,17851.0,0.142,2333.7,39.0,100.0,52.5,3.0,Low
Kapurthala,Punjab,60.77,65.32,891.0,18663.0,0.869,3342.4,29.3,56.6,41.0,9.0,High
Nadia,West Bengal,89.1,82.67,933.0,20184.0,0.45,1029.1,25.5,46.0,29.2,5.0,Medium
Jaipur,Rajasthan,73.91,86.51,825.0,7479.0,0.373,4122.2,24.4,63.6,54.7,11.0,Low
Sagar,Madhya Pradesh,56.12,85.75,945.0,22754.0,0.41,1007.4,39.2,66.1,29.1,14.0,Medium
Darjeeling,West Bengal,53.25,85.48,956.0,12730.0,0.216,2731.6,10.2,80.1,41.5,7.0,Low
,Uttar Pradesh,64.81,79.23,948.0,8891.0,0.168,2192.3,33.6,45.3,15.9,10.0,Low
Jabalpur,Madhya Pradesh,72.65,82.85,843.0,19508.0,0.892,1100.4,38.7,80.3,26.7,12.0,High
Faridabad,Haryana,56.34,81.7,988.0,17101.0,0.93,2148.0,31.0,66.2,44.6,16.0,High
Gwalior,Madhya Pradesh,71.43,85.13,946.0,18490.0,0.987,2187.8,18.9,46.4,25.3,11.0,High
Kota,Rajasthan,64.91,78.7,887.0,20612.0,0.459,1800.4,34.0,75.5,31.8,1.0,Medium
Nadia,West Bengal,42.8,80.06,987.0,9435.0,0.444,2008.1,26.9,50.9,25.7,10.0,Medium
Pune,Maharashtra,57.94,74.83,899.0,14005.0,0.297,1677.6,18.8,67.6,36.3,14.0,Medium
Ajmer,Rajasthan,68.37,79.02,1020.0,18497.0,0.522,3338.4,34.3,77.0,20.7,8.0,Medium
Bikaner,Rajasthan,59.45,77.53,981.0,16583.0,0.59,1182.2,,77.5,42.5,18.0,Medium
Raigad,Maharashtra,71.19,78.63,912.0,17291.0,0.831,2403.3,15.1,80.1,25.5,2.0,High
Ratlam,Madhya Pradesh,81.2,81.76,895.0,22368.0,0.088,3019.8,38.2,79.8,38.0,7.0,Low
Junagadh,Gujarat,79.56,85.06,981.0,20431.0,0.581,4086.5,41.1,91.2,33.9,15.0,Medium
Amritsar,Punjab,,80.92,978.0,22410.0,0.924,1619.9,20.1,56.6,39.5,9.0,High
Alwar,Rajasthan,57.97,74.19,922.0,21400.0,0.802,1880.0,30.4,80.7,45.0,8.0,High
Bhadrak,Odisha,55.09,76.4,841.0,27358.0,0.767,3231.6,16.8,86.6,44.1,3.0,High
Purba Medinipur,West Bengal,63.57,73.62,873.0,16360.0,0.99,3006.8,24.0,61.6,17.9,12.0,High
Prayagraj,,65.24,79.45,957.0,22558.0,0.466,1685.6,29.4,66.9,45.7,2.0,Medium
Jodhpur,Rajasthan,78.33,77.46,941.0,27968.0,0.982,3897.9,45.9,77.0,36.5,13.0,High
,Madhya Pradesh,73.21,76.41,843.0,11716.0,0.538,1368.5,49.3,61.0,30.9,6.0,Medium
Kapurthala,Punjab,56.54,81.77,898.0,22545.0,0.293,2434.5,48.6,64.1,56.4,13.0,Medium
Nadia,West Bengal,64.54,79.46,970.0,12732.0,0.608,2852.3,16.4,100.0,24.6,8.0,Medium
Satna,Madhya Pradesh,78.65,85.08,977.0,24184.0,0.173,2580.5,26.9,62.4,41.1,15.0,Low
Aligarh,Uttar Pradesh,54.67,73.49,946.0,17905.0,0.826,1403.0,40.4,40.7,30.8,16.0,High
Raigad,Maharashtra,,83.25,895.0,25061.0,0.868,1489.6,26.9,28.2,40.7,6.0,High
Gurdaspur,Punjab,63.07,79.56,873.0,16085.0,0.834,2774.9,20.4,85.2,13.2,1.0,High
Solapur,Maharashtra,72.36,81.16,941.0,26693.0,0.398,2967.3,10.2,100.0,34.6,7.0,Low
Muzaffarpur,Bihar,83.52,91.22,846.0,12208.0,0.84,1408.8,38.8,92.4,24.3,9.0,High
Kendrapara,Odisha,61.06,85.26,873.0,18998.0,0.603,3591.4,34.5,58.0,45.0,19.0,High
Bhopal,Madhya Pradesh,61.89,76.4,906.0,17935.0,0.606,2175.9,16.8,100.0,27.8,16.0,Medium
Cuttack,Odisha,58.04,75.38,943.0,23607.0,0.417,2297.8,32.7,64.8,38.7,2.0,Medium
Panipat,Haryana,68.31,78.15,991.0,22794.0,,1130.8,31.9,91.8,24.1,13.0,High
Jajpur,Odisha,66.91,76.38,891.0,13629.0,0.225,2127.4,20.4,48.8,35.2,15.0,Low
Patiala,Punjab,56.6,81.29,946.0,22485.0,0.024,2294.5,13.6,43.4,12.2,16.0,Low
Kolhapur,Maharashtra,67.56,75.91,910.0,24860.0,0.01,4133.9,35.9,51.8,38.0,16.0,Low
Nagaur,Rajasthan,64.47,84.64,958.0,12340.0,0.692,1451.4,35.5,89.2,37.9,13.0,High
Ajmer,Rajasthan,69.11,77.63,838.0,19561.0,0.533,1489.5,40.3,76.2,47.7,19.0,Medium
Mumbai,Maharashtra,91.55,82.55,1014.0,20914.0,0.842,2633.4,39.4,92.9,16.7,7.0,Medium
Meerut,Uttar Pradesh,70.37,88.51,932.0,10482.0,0.22,2018.7,37.2,71.0,50.6,13.0,Low
Sagar,Madhya Pradesh,32.49,73.32,896.0,15346.0,0.262,2269.1,51.0,56.9,16.1,3.0,Medium
Jodhpur,Rajasthan,51.0,82.22,890.0,9304.0,0.151,2330.8,33.5,57.2,20.9,6.0,Low
Pune,Maharashtra,80.77,75.84,960.0,14605.0,0.211,3043.4,27.3,57.5,37.7,13.0,Low
Muzaffarpur,Bihar,63.88,81.56,,24518.0,0.19,1753.0,32.5,60.1,42.7,8.0,Low
Hoshiarpur,Punjab,49.75,78.04,865.0,21723.0,0.223,1011.6,20.4,66.6,45.2,13.0,Medium
Aligarh,Uttar Pradesh,59.0,77.46,935.0,21492.0,0.145,1853.1,33.0,45.9,35.9,8.0,Low
South 24 Parganas,West Bengal,,77.85,895.0,15391.0,0.397,1531.9,38.7,88.8,42.0,3.0,Medium
Rajkot,Gujarat,70.87,88.37,881.0,18207.0,0.939,1999.1,27.4,51.9,33.8,6.0,High
Bharatpur,Rajasthan,62.63,70.25,826.0,17993.0,0.044,2062.5,17.1,79.4,42.6,13.0,Low
Paschim Medinipur,West Bengal,71.13,73.75,914.0,19187.0,0.746,2245.5,30.8,83.6,46.7,3.0,High
Khordha,Odisha,61.41,79.6,836.0,14698.0,0.848,2670.6,29.4,66.0,40.7,13.0,High
Sangrur,Punjab,61.39,81.06,,16269.0,0.429,3233.8,18.4,72.4,37.5,1.0,Medium
Kutch,Gujarat,69.52,75.46,826.0,20613.0,0.743,2581.7,14.3,52.2,52.1,9.0,High
Sangrur,Punjab,69.87,88.88,954.0,16026.0,0.944,2396.5,37.6,68.7,31.3,13.0,High
Khordha,Odisha,65.29,74.69,911.0,12291.0,0.723,5020.3,26.4,96.2,31.5,19.0,High
Sindhudurg,Maharashtra,68.06,71.75,867.0,18576.0,0.973,1844.5,13.2,79.4,9.2,10.0,High
Ahmedabad,Gujarat,50.46,78.44,854.0,19433.0,0.121,2515.8,32.1,51.0,21.8,14.0,Low
Ujjain,Madhya Pradesh,71.36,79.4,898.0,9523.0,0.222,1866.5,28.7,,34.0,10.0,Low
Gorakhpur,Uttar Pradesh,84.99,84.37,964.0,17573.0,0.36,4469.7,27.8,59.1,29.9,7.0,Low
Jamnagar,Gujarat,65.24,81.71,949.0,9962.0,0.782,2793.8,18.4,69.9,21.5,0.0,High
Nagpur,Maharashtra,81.65,84.4,919.0,26554.0,0.705,1422.8,33.4,90.7,37.3,19.0,Medium
Bareilly,Uttar Pradesh,54.45,80.91,1014.0,18893.0,0.233,3670.3,44.2,75.1,10.3,13.0,Low
Ludhiana,Punjab,75.87,76.39,960.0,21715.0,0.364,2251.7,10.0,42.8,34.4,2.0,Low
Rajkot,Gujarat,61.7,79.09,917.0,24867.0,0.382,2740.8,37.2,84.2,5.0,6.0,Medium
Ratnagiri,Maharashtra,74.53,76.89,930.0,22564.0,0.542,2819.7,7.7,51.9,19.7,15.0,Medium
Chhindwara,Madhya Pradesh,57.68,79.5,940.0,30262.0,0.571,2882.5,29.1,78.8,43.6,10.0,Medium
Alwar,Rajasthan,63.95,74.59,900.0,22341.0,,2419.4,33.7,83.2,44.3,7.0,Medium
Sindhudurg,Maharashtra,75.01,81.55,992.0,13275.0,0.524,1769.8,25.5,70.6,49.2,14.0,Medium
Sangrur,Punjab,76.2,76.85,885.0,18562.0,0.193,2448.5,9.3,76.8,46.5,12.0,Low
Kota,Rajasthan,73.55,81.79,971.0,20363.0,0.513,2307.0,29.1,45.3,27.8,7.0,Medium
Yamunanagar,Haryana,62.75,79.5,923.0,14015.0,0.017,2952.3,14.5,55.8,32.1,2.0,Low
Yamunanagar,Haryana,60.06,74.81,1023.0,17887.0,0.283,2304.7,30.7,46.7,39.0,3.0,Low
Patna,Bihar,67.21,78.22,896.0,13320.0,0.03,1932.3,36.8,84.6,27.2,4.0,Low
Patiala,Punjab,78.43,72.01,907.0,14235.0,0.803,2260.1,19.9,100.0,7.5,4.0,High
Yamunanagar,Haryana,69.2,72.44,980.0,20815.0,0.419,3058.7,26.5,67.5,47.2,5.0,Medium
Darbhanga,Bihar,60.8,82.78,860.0,27635.0,0.034,2259.0,5.0,57.2,41.9,8.0,Low
Murshidabad,West Bengal,67.51,74.1,998.0,15756.0,0.702,3070.8,23.5,95.9,24.5,3.0,Medium
Solapur,Maharashtra,,68.11,948.0,11009.0,0.423,1658.3,51.4,47.9,31.0,12.0,Medium
Rewa,Madhya Pradesh,61.47,85.54,975.0,25199.0,0.68,1435.7,35.5,47.9,26.1,14.0,Medium
Pune,Maharashtra,51.12,72.62,903.0,23155.0,,2760.9,30.5,23.6,,11.0,Medium
Bhagalpur,Bihar,62.24,80.8,887.0,14811.0,0.987,3178.2,18.2,94.3,22.0,18.0,High
Ajmer,Rajasthan,75.38,83.16,992.0,14232.0,0.313,3139.9,30.0,88.3,35.9,19.0,Low
Purba Medinipur,West Bengal,74.35,87.02,866.0,21640.0,0.604,3255.2,24.6,51.1,32.1,1.0,Medium
Jabalpur,Madhya Pradesh,53.23,87.46,865.0,16395.0,0.39,2702.7,41.1,58.0,50.8,13.0,Medium
Vadodara,Gujarat,67.96,,923.0,17061.0,0.802,2488.9,19.5,68.8,31.5,6.0,High
Varanasi,Uttar Pradesh,84.93,75.68,903.0,13653.0,0.188,2715.8,22.3,100.0,46.4,10.0,Low
Jodhpur,Rajasthan,80.89,77.41,1024.0,13083.0,0.358,888.3,33.0,85.4,48.2,13.0,Low
Anand,Gujarat,60.92,73.64,930.0,11599.0,0.997,2526.5,43.1,55.0,26.4,8.0,High
Solapur,Maharashtra,66.82,76.85,923.0,18418.0,0.852,2434.7,20.6,67.7,32.1,18.0,High
Ahmedabad,Gujarat,66.74,80.48,928.0,18835.0,0.541,3401.8,16.8,77.9,45.4,9.0,Medium
Nagpur,Maharashtra,76.35,70.49,983.0,18093.0,0.529,3826.8,18.9,84.5,30.8,11.0,Medium
Sindhudurg,Maharashtra,64.37,81.82,856.0,13758.0,0.091,3368.0,28.1,88.4,46.7,10.0,Low
Rewa,Madhya Pradesh,58.84,68.08,873.0,20214.0,0.473,2319.3,31.7,97.1,23.1,8.0,High
Kapurthala,Punjab,68.06,88.46,935.0,24685.0,0.979,2251.6,39.9,89.4,30.9,17.0,High
Sonipat,Haryana,69.16,77.66,1017.0,22477.0,0.422,2624.2,24.7,98.5,32.8,7.0,Medium
Karnal,Haryana,72.28,68.28,915.0,22215.0,,500.0,30.5,46.7,17.6,1.0,Low
Patiala,Punjab,46.15,73.97,1050.0,11250.0,0.032,2978.8,19.7,92.1,32.1,7.0,Low
Kendrapara,Odisha,58.1,73.53,926.0,14845.0,0.975,2061.7,43.4,74.8,,9.0,High
Ghaziabad,Uttar Pradesh,53.73,81.66,1002.0,18855.0,0.989,2199.1,35.2,66.8,38.7,7.0,High
Varanasi,Uttar Pradesh,70.25,80.54,958.0,15166.0,0.883,2120.5,28.5,100.0,39.9,,High
Indore,Madhya Pradesh,54.3,78.87,882.0,16016.0,0.834,3588.3,41.2,58.0,35.6,6.0,High
Bharatpur,Rajasthan,79.42,81.57,916.0,17204.0,0.636,1757.0,15.0,61.8,43.2,6.0,Medium
Gandhinagar,Gujarat,64.24,79.37,986.0,22265.0,0.697,1853.8,32.3,81.7,29.5,6.0,Medium
Sindhudurg,Maharashtra,64.33,78.25,851.0,15247.0,0.745,2715.9,48.6,68.0,36.9,10.0,High
Gurdaspur,Punjab,65.55,71.72,953.0,17167.0,0.155,3156.0,37.3,75.4,47.9,3.0,Low
Rewa,Madhya Pradesh,70.7,76.14,943.0,14553.0,0.15,1478.2,31.1,100.0,26.1,0.0,Low
Kota,Rajasthan,68.97,84.61,964.0,18237.0,0.319,2596.4,26.9,50.7,23.3,1.0,Medium
Bareilly,Uttar Pradesh,75.49,83.36,961.0,16698.0,0.946,3566.9,32.5,49.4,34.7,7.0,High
Jamnagar,Gujarat,63.69,78.89,919.0,11170.0,0.734,3562.2,32.7,50.9,21.7,0.0,High
Mumbai,Maharashtra,73.64,81.89,942.0,19904.0,0.413,2876.3,5.0,60.9,55.3,16.0,Medium
Jodhpur,Rajasthan,54.6,77.52,980.0,21135.0,0.263,1667.5,27.2,53.7,39.0,6.0,Low
Mayurbhanj,Odisha,75.05,79.83,959.0,12847.0,0.018,3636.8,38.4,73.7,51.2,10.0,Low
Balasore,Odisha,73.37,79.52,1026.0,14508.0,0.95,3310.9,23.7,81.8,40.2,14.0,High
Jodhpur,Rajasthan,39.21,82.08,854.0,17634.0,0.156,3084.7,25.5,54.2,42.4,1.0,Medium
Begusarai,Bihar,55.83,78.96,965.0,21209.0,0.887,2336.7,29.8,49.1,44.4,1.0,High
Bhadrak,Odisha,56.46,75.42,940.0,18601.0,0.571,1717.4,40.1,71.1,30.4,14.0,Medium
Darjeeling,West Bengal,60.59,82.41,921.0,14140.0,0.366,3060.3,30.6,46.1,20.1,3.0,Medium
Udaipur,Rajasthan,66.1,87.9,870.0,9129.0,0.987,2606.5,39.2,71.4,38.4,15.0,High
Indore,Madhya Pradesh,59.26,81.22,916.0,17522.0,0.028,1607.5,23.8,75.5,37.6,17.0,Low
Gurdaspur,Punjab,74.48,65.96,975.0,25283.0,0.426,1654.9,33.4,60.8,39.6,4.0,Low
Bikaner,Rajasthan,57.57,68.24,946.0,18664.0,0.364,2364.5,48.9,,35.1,5.0,Medium
Amritsar,Punjab,62.06,81.98,775.0,16660.0,0.995,2186.7,32.6,71.7,28.6,9.0,High
Agra,Uttar Pradesh,66.16,76.95,918.0,11732.0,0.156,2219.8,46.9,84.8,28.0,15.0,Low
Paschim Medinipur,West Bengal,53.51,78.37,940.0,24273.0,0.492,3468.8,36.0,83.0,35.5,13.0,Medium
Rewa,Madhya Pradesh,66.21,81.39,979.0,27003.0,0.246,2562.1,35.6,50.4,,7.0,Low
Nadia,West Bengal,64.14,83.16,942.0,7228.0,0.718,2727.6,17.5,28.3,57.2,5.0,High
Anand,Gujarat,63.58,89.45,846.0,21365.0,0.247,3270.2,44.6,67.8,29.2,5.0,Medium
Nashik,Maharashtra,52.36,75.45,843.0,23967.0,0.617,1614.7,34.9,88.3,28.5,14.0,High
Ganjam,Odisha,46.0,,929.0,14630.0,0.506,2357.8,14.5,86.3,28.3,15.0,High
Puri,Odisha,63.04,72.73,923.0,19820.0,0.287,2412.0,22.6,71.1,24.3,8.0,Low
Puri,Odisha,86.28,85.97,946.0,20453.0,0.997,2188.1,33.0,71.5,45.5,0.0,High
Murshidabad,West Bengal,64.8,77.87,925.0,20269.0,0.52,3152.5,29.4,68.6,23.4,2.0,Medium
Varanasi,Uttar Pradesh,78.13,81.41,967.0,18233.0,0.357,2515.9,22.1,84.0,26.6,6.0,Low
Rewari,Haryana,69.49,74.97,1019.0,22629.0,0.069,2350.2,33.6,44.2,40.1,4.0,Low
Darjeeling,West Bengal,59.99,77.91,971.0,18762.0,0.401,2203.5,30.2,99.0,37.7,2.0,Medium
Purba Medinipur,West Bengal,62.39,77.4,963.0,26531.0,0.662,1848.0,35.9,50.5,44.5,1.0,Medium
Nalanda,Bihar,45.94,73.39,910.0,15547.0,0.275,2269.6,45.4,65.2,26.4,3.0,Medium
Ganjam,Odisha,73.46,75.27,960.0,22642.0,0.735,2612.6,30.6,68.2,44.1,5.0,High
Nagaur,Rajasthan,80.1,87.78,978.0,10858.0,0.322,2079.4,37.4,99.1,33.0,19.0,Low
Bharatpur,Rajasthan,81.47,79.76,935.0,14706.0,0.124,3058.4,18.7,77.6,33.8,15.0,Low
Faridabad,Haryana,69.94,76.44,957.0,8647.0,0.797,3462.3,42.1,86.6,29.3,10.0,High
Pune,Maharashtra,66.68,86.95,894.0,,0.109,1236.9,,92.5,38.9,8.0,Low
Jabalpur,Madhya Pradesh,78.15,90.67,963.0,21101.0,0.016,2937.6,24.0,71.4,35.0,12.0,Low
Bathinda,Punjab,74.1,83.42,896.0,20713.0,0.045,3534.3,45.9,100.0,33.9,16.0,Low
Bhavnagar,Gujarat,78.43,83.62,995.0,23881.0,0.789,3072.2,30.5,54.7,33.4,2.0,Medium
Nadia,West Bengal,65.53,78.87,889.0,5253.0,0.615,1775.2,23.9,68.5,29.6,16.0,High
Meerut,Uttar Pradesh,74.43,87.15,905.0,14105.0,0.407,1677.7,49.4,83.7,33.0,4.0,Medium
Nagaur,Rajasthan,62.88,74.31,997.0,14440.0,0.506,768.9,32.6,58.3,39.9,11.0,Medium
Chhindwara,Madhya Pradesh,77.99,80.1,958.0,16925.0,0.438,,44.4,93.0,36.1,14.0,Medium
Faridabad,Haryana,51.32,87.25,988.0,22349.0,0.118,2145.5,27.0,59.3,49.9,2.0,Low
Junagadh,Gujarat,74.07,84.38,841.0,18958.0,0.758,2922.1,14.1,57.7,29.4,9.0,High
Solapur,Maharashtra,55.15,88.07,905.0,21447.0,0.299,1537.2,21.9,35.6,45.9,4.0,Medium
Khordha,Odisha,72.54,74.08,845.0,16349.0,0.53,2361.2,28.8,48.3,46.2,19.0,Medium
Aligarh,Uttar Pradesh,67.59,76.59,924.0,17855.0,0.831,2794.8,31.6,65.7,55.8,0.0,High
Gaya,Bihar,59.33,80.62,881.0,18450.0,0.5,2386.3,36.0,65.8,25.1,6.0,Medium
Ratnagiri,Maharashtra,66.65,77.19,,26691.0,0.393,2797.0,27.7,100.0,31.6,6.0,Medium
Sikar,Rajasthan,65.15,89.0,853.0,18110.0,0.993,2533.8,39.4,85.9,56.4,12.0,High
Bhavnagar,Gujarat,58.76,87.0,878.0,20729.0,0.022,2471.8,5.3,73.7,17.6,,Low
Gwalior,Madhya Pradesh,52.8,83.54,890.0,15183.0,0.255,3924.7,34.2,100.0,25.0,0.0,Medium
Vadodara,Gujarat,53.03,75.19,901.0,25283.0,0.05,1819.1,37.0,44.2,33.8,4.0,Low
Thane,Maharashtra,66.45,75.35,921.0,23775.0,0.993,2358.1,30.9,42.0,39.3,3.0,High
Sindhudurg,Maharashtra,60.54,81.93,955.0,6321.0,,1312.5,23.6,82.1,35.7,15.0,Medium
Nalanda,Bihar,67.62,76.13,1000.0,20295.0,0.429,2736.3,42.4,48.0,52.3,5.0,Medium
Begusarai,Bihar,59.43,74.74,949.0,20794.0,0.914,3409.0,34.4,90.2,16.7,13.0,High
Kota,Rajasthan,74.73,78.98,893.0,25801.0,0.385,2570.2,24.4,65.8,32.2,8.0,Medium
Thane,Maharashtra,70.45,82.21,937.0,18762.0,0.395,2014.1,40.5,79.0,46.6,1.0,Medium
Meerut,Uttar Pradesh,68.49,68.81,929.0,17511.0,0.776,2409.6,15.2,71.5,18.5,7.0,High
Ajmer,Rajasthan,53.68,83.25,861.0,20490.0,0.137,2326.2,29.5,66.5,43.9,17.0,Low
Gwalior,Madhya Pradesh,54.25,88.5,932.0,20428.0,0.481,2273.4,30.7,67.1,33.7,4.0,Medium
Ganjam,Odisha,69.32,76.65,967.0,21713.0,0.951,3562.7,39.5,70.0,34.3,2.0,High
Ludhiana,Punjab,59.47,77.11,957.0,20581.0,0.65,2555.5,17.3,84.5,42.9,17.0,High
,Madhya Pradesh,79.58,78.04,903.0,23385.0,0.147,1495.7,35.5,72.1,43.7,13.0,Low
North 24 Parganas,West Bengal,46.97,74.78,940.0,15407.0,0.226,4007.6,51.4,99.3,19.1,8.0,Medium
Patiala,Punjab,60.61,82.14,870.0,27245.0,0.112,3473.6,29.6,69.8,33.3,17.0,Low
Patiala,Punjab,80.25,81.32,944.0,15262.0,0.393,2318.8,31.7,79.5,46.3,0.0,Medium
Nashik,Maharashtra,63.87,86.02,949.0,16538.0,0.919,3136.0,36.4,89.4,17.9,5.0,High
Hoshiarpur,Punjab,73.75,66.52,959.0,9294.0,0.479,1641.3,20.8,99.2,35.2,18.0,Medium
Saran,Bihar,49.79,,966.0,18936.0,0.175,2817.7,31.4,86.1,20.9,17.0,Low
Ujjain,Madhya Pradesh,79.65,80.2,915.0,19843.0,0.116,4826.3,49.5,100.0,42.2,7.0,Low
,West Bengal,75.39,86.56,912.0,18137.0,0.962,2289.5,,81.1,42.9,16.0,High
Ratlam,Madhya Pradesh,66.22,77.34,874.0,11967.0,0.66,3559.2,40.3,57.6,42.9,19.0,Medium
Bhopal,Madhya Pradesh,70.84,75.72,885.0,9713.0,0.877,2784.5,19.6,100.0,24.6,16.0,High
Patna,Bihar,60.96,71.75,895.0,19576.0,0.05,2711.6,9.7,69.2,31.0,10.0,Low
Anand,Gujarat,72.16,77.11,939.0,13407.0,0.435,3884.1,22.4,91.4,38.9,14.0,Medium
Rewari,Haryana,73.49,80.8,920.0,5000.0,0.715,2469.7,33.9,50.3,26.6,9.0,Medium
Jagatsinghpur,Odisha,71.91,84.92,1024.0,30287.0,0.63,3770.4,31.7,100.0,46.0,9.0,Medium
Ajmer,Rajasthan,65.28,84.18,942.0,21012.0,0.837,2779.4,28.3,81.0,44.7,19.0,High
Firozpur,Punjab,63.47,87.09,934.0,7645.0,0.027,3032.3,27.8,72.3,45.9,19.0,Low
Kendrapara,Odisha,53.22,81.24,1022.0,22701.0,0.628,2568.8,34.5,88.1,26.4,11.0,High
Sangrur,Punjab,62.64,80.56,908.0,10229.0,0.721,3019.6,33.2,81.7,40.9,4.0,High
Kendrapara,Odisha,53.14,79.35,1044.0,21686.0,0.896,2719.8,23.9,76.8,5.0,13.0,High
Nashik,Maharashtra,62.53,81.4,966.0,17089.0,0.737,3121.3,20.2,55.5,39.2,7.0,High
Bikaner,Rajasthan,62.08,77.18,935.0,19391.0,0.648,2267.1,13.5,28.1,26.8,17.0,Medium
Kolhapur,Maharashtra,68.16,87.46,892.0,17316.0,0.24,3448.6,40.5,62.5,27.7,15.0,Low
Vadodara,Gujarat,65.97,74.6,872.0,17068.0,0.244,2299.7,38.2,47.8,42.0,16.0,Low
Hooghly,West Bengal,57.01,84.51,852.0,20497.0,0.003,3677.6,27.3,41.3,32.5,5.0,Low
Bhavnagar,Gujarat,59.66,83.02,848.0,11939.0,0.7,3978.0,45.9,66.3,33.2,9.0,High
Jaipur,Rajasthan,74.59,74.2,960.0,18201.0,0.638,3001.0,30.3,32.2,36.8,15.0,Medium
Rewa,Madhya Pradesh,61.44,77.46,932.0,19789.0,0.616,1722.5,40.6,82.2,38.0,4.0,Medium
Bhavnagar,Gujarat,57.46,83.37,963.0,13007.0,0.626,1310.8,28.4,43.7,22.9,15.0,Medium
Cuttack,Odisha,48.27,78.64,958.0,12436.0,0.793,2291.1,22.0,90.2,25.1,1.0,High
Ganjam,Odisha,83.31,79.46,909.0,14359.0,0.106,2422.3,18.2,38.2,36.0,19.0,Low
Sindhudurg,Maharashtra,84.72,86.09,925.0,19438.0,0.137,2624.6,37.8,74.8,37.0,1.0,Low
Gorakhpur,Uttar Pradesh,45.77,78.86,878.0,11763.0,0.362,1661.5,41.9,78.1,67.5,8.0,Medium
Begusarai,Bihar,51.58,76.85,940.0,18025.0,0.184,3368.9,34.5,13.0,58.6,19.0,Medium
Hooghly,West Bengal,64.58,72.94,951.0,17137.0,0.122,1111.9,22.6,64.4,35.5,8.0,Low
Puri,Odisha,76.57,77.1,959.0,20463.0,0.297,2037.7,44.3,56.4,27.8,16.0,Low
Bharatpur,Rajasthan,61.22,80.1,951.0,24723.0,0.238,3150.9,26.4,28.6,33.0,15.0,Low
Ahmedabad,Gujarat,77.32,76.0,934.0,23293.0,0.113,2478.9,36.8,77.6,27.7,3.0,Low
Rohtak,Haryana,70.14,78.97,947.0,18210.0,0.385,3170.6,22.6,69.6,27.4,17.0,Medium
Bareilly,Uttar Pradesh,57.85,83.49,969.0,24776.0,0.269,3614.0,33.6,72.6,29.2,0.0,Low
Satna,Madhya Pradesh,61.88,78.93,977.0,21568.0,0.592,1661.7,36.2,82.2,41.0,12.0,Medium
Howrah,West Bengal,66.12,89.15,893.0,23804.0,0.27,2649.5,23.2,41.7,33.3,5.0,Low
Rewari,Haryana,57.09,76.9,989.0,22106.0,0.282,2085.1,39.8,100.0,46.7,3.0,Low
South 24 Parganas,West Bengal,36.93,77.4,921.0,6229.0,0.351,2975.5,16.0,72.7,52.1,15.0,High
Gwalior,Madhya Pradesh,42.67,74.6,872.0,13413.0,0.835,2748.4,26.0,92.8,21.6,2.0,High
Ludhiana,Punjab,72.21,78.53,941.0,16088.0,0.317,2948.0,25.0,84.2,29.7,18.0,Low
Cuttack,Odisha,69.96,,920.0,15578.0,0.77,2120.9,36.4,28.0,41.5,18.0,High
Solapur,Maharashtra,74.99,71.8,929.0,29992.0,0.092,3253.5,41.1,69.8,42.1,9.0,Low
Kolkata,West Bengal,61.33,79.64,887.0,17419.0,0.635,1056.4,24.2,45.0,26.5,17.0,High
Ambala,Haryana,61.42,90.22,933.0,14394.0,0.508,2302.9,31.4,76.0,30.1,10.0,Medium
Cuttack,Odisha,89.15,83.07,944.0,15048.0,0.799,3816.4,12.9,87.3,47.7,6.0,Medium
Jajpur,Odisha,66.52,81.68,812.0,17730.0,0.969,801.0,25.2,75.5,32.8,3.0,High
Gurugram,Haryana,61.41,79.12,945.0,14237.0,0.014,1841.2,26.9,79.3,38.8,4.0,Low
Bhagalpur,Bihar,79.47,77.45,975.0,26291.0,0.941,3248.2,8.4,48.1,36.8,8.0,High
Nalanda,Bihar,78.44,67.31,1001.0,17296.0,0.714,2490.9,28.5,69.0,38.8,19.0,Medium
Ludhiana,Punjab,63.08,86.55,884.0,9328.0,0.963,3310.0,17.7,82.8,32.1,7.0,High
Surat,Gujarat,67.04,82.28,929.0,22865.0,0.892,1502.0,32.8,51.9,36.3,18.0,High
South 24 Parganas,West Bengal,67.94,82.03,858.0,19118.0,0.648,3326.8,37.6,62.1,53.1,8.0,Medium
Kolhapur,Maharashtra,79.89,77.43,994.0,16654.0,0.101,1660.8,20.5,26.5,39.7,9.0,Low
Firozpur,Punjab,65.61,86.41,914.0,15721.0,0.52,3805.0,30.7,83.9,34.1,5.0,Medium
Sikar,Rajasthan,76.39,86.68,937.0,18984.0,0.483,1466.5,25.4,64.2,39.7,18.0,Medium
Pune,Maharashtra,69.27,79.57,869.0,9892.0,0.428,2029.9,13.9,86.4,38.7,0.0,Medium
Amritsar,Punjab,67.14,82.87,948.0,14861.0,0.676,1716.1,16.4,74.5,34.3,10.0,High
Gandhinagar,Gujarat,68.98,82.65,903.0,23676.0,0.997,1629.5,28.3,69.6,39.6,9.0,High
Darbhanga,Bihar,60.66,85.93,980.0,16511.0,0.219,2836.0,16.7,72.6,26.2,19.0,Low
Mumbai,Maharashtra,84.89,77.25,911.0,22993.0,0.895,2646.8,45.7,70.0,,2.0,High
Prayagraj,Uttar Pradesh,46.97,77.65,869.0,28771.0,0.295,1815.2,42.5,90.0,44.4,12.0,Medium
Ganjam,Odisha,58.89,88.4,910.0,18064.0,0.324,3046.6,32.8,87.4,36.7,12.0,Medium
Ajmer,Rajasthan,79.58,76.2,802.0,19134.0,0.865,2574.7,16.2,58.4,25.7,16.0,High
Bhagalpur,Bihar,84.94,81.56,825.0,23157.0,0.889,1485.2,23.5,38.1,34.3,18.0,High
Vadodara,Gujarat,74.18,80.73,909.0,23179.0,0.567,3070.1,40.0,,62.0,1.0,Medium
Faridabad,Haryana,67.91,90.93,975.0,10853.0,0.684,2961.7,23.5,73.4,42.0,18.0,High
Nadia,West Bengal,67.87,79.15,932.0,8808.0,0.767,3123.3,37.2,87.4,32.2,15.0,High
Hoshiarpur,Punjab,74.35,81.12,877.0,21738.0,0.369,2597.2,24.7,83.7,30.8,12.0,Low
Jalandhar,Punjab,76.87,78.86,930.0,14453.0,0.947,3230.6,41.2,76.2,35.9,13.0,High
Thane,Maharashtra,88.72,86.33,974.0,17224.0,0.57,2098.6,21.8,76.6,48.0,12.0,Low
Gurugram,Haryana,71.01,81.41,956.0,9484.0,0.382,2016.8,32.5,75.0,27.0,8.0,Low
Kapurthala,Punjab,77.99,78.25,1000.0,20999.0,0.958,2896.0,51.9,100.0,14.0,19.0,High
Yamunanagar,Haryana,56.6,80.09,930.0,19294.0,0.576,2462.2,37.7,94.7,29.6,15.0,High
Solapur,Maharashtra,80.94,78.81,945.0,22914.0,0.761,1735.1,25.2,51.1,22.8,5.0,Medium
Panipat,Haryana,68.45,79.17,942.0,11710.0,0.752,3369.3,21.4,39.1,35.0,15.0,High
Amritsar,Punjab,70.78,84.3,955.0,18553.0,0.697,2148.3,39.9,52.7,50.7,18.0,Medium
Kota,Rajasthan,53.05,82.93,881.0,21159.0,0.904,2040.8,15.8,56.3,52.4,8.0,High
Varanasi,Uttar Pradesh,68.52,74.51,875.0,16034.0,0.609,1764.2,34.6,66.3,34.0,4.0,Medium
Ajmer,Rajasthan,66.38,79.69,837.0,14781.0,0.402,3590.0,19.1,71.9,36.5,14.0,Medium
Kolhapur,,70.77,82.42,949.0,21820.0,0.975,1215.7,19.4,77.8,35.5,7.0,High
Mayurbhanj,Odisha,56.71,74.08,900.0,23977.0,0.554,2495.9,42.4,78.4,51.0,6.0,High
Gaya,Bihar,58.52,83.18,966.0,11346.0,0.038,2395.4,28.3,45.3,43.6,1.0,Low
Begusarai,Bihar,51.49,77.74,831.0,19346.0,0.816,2205.0,32.6,66.1,32.7,17.0,High
Sindhudurg,Maharashtra,65.69,79.29,913.0,22573.0,0.024,5096.8,38.9,91.1,48.5,10.0,Low
Kapurthala,Punjab,68.84,74.75,823.0,13984.0,0.497,2435.5,19.9,65.5,39.4,9.0,Medium
Kolhapur,Maharashtra,58.64,75.22,974.0,20053.0,0.768,2433.3,40.4,95.4,34.4,16.0,High
Yamunanagar,Haryana,66.35,75.5,924.0,18100.0,0.284,568.9,39.2,95.6,24.7,5.0,Low
Gandhinagar,Gujarat,56.94,72.41,914.0,17248.0,0.022,3273.5,33.1,59.2,56.4,15.0,Low
Puri,Odisha,58.52,79.91,930.0,16975.0,0.256,2696.9,24.5,58.4,34.0,1.0,Low
Purba Medinipur,West Bengal,64.79,73.32,911.0,11557.0,0.722,1177.3,24.3,100.0,49.4,15.0,High
Indore,Madhya Pradesh,58.44,76.67,958.0,16379.0,0.056,2109.9,27.9,63.6,,5.0,Low
Patna,Bihar,62.54,82.71,815.0,17245.0,0.662,2482.4,35.2,58.3,49.9,5.0,High
North 24 Parganas,West Bengal,69.23,79.16,834.0,14325.0,0.782,1275.7,18.4,79.9,20.6,7.0,High
Jodhpur,Rajasthan,82.08,79.96,834.0,25157.0,0.611,3336.4,27.6,61.2,34.9,9.0,Medium
Rohtak,Haryana,68.77,83.21,972.0,20748.0,0.532,3846.3,31.6,37.6,33.3,17.0,Medium
Sagar,Madhya Pradesh,46.31,82.26,1042.0,27146.0,0.128,2137.2,54.0,83.2,46.7,6.0,Low
Balasore,Odisha,65.06,76.79,909.0,19949.0,0.93,3909.4,26.4,62.2,39.7,12.0,High
Rajkot,Gujarat,59.58,78.38,939.0,10561.0,0.507,,47.0,84.3,37.1,11.0,Medium
Khordha,Odisha,69.14,80.19,822.0,17570.0,0.871,3155.1,29.1,73.5,31.8,4.0,High
Chhindwara,Madhya Pradesh,56.83,86.18,943.0,19500.0,0.716,3212.0,49.7,25.3,53.8,7.0,High
Jagatsinghpur,Odisha,49.38,81.6,865.0,27113.0,0.714,2885.9,25.3,41.4,26.0,0.0,High
Kutch,Gujarat,69.83,79.84,1005.0,22268.0,0.424,500.0,42.0,65.2,,2.0,Medium
Kanpur Nagar,Uttar Pradesh,,76.0,888.0,19115.0,0.828,3049.1,39.6,84.5,37.1,5.0,High
Bhopal,Madhya Pradesh,70.28,80.73,894.0,15505.0,0.04,2451.9,49.1,73.4,22.1,4.0,Low
Jamnagar,Gujarat,87.1,75.96,1013.0,8252.0,0.913,2384.1,48.9,57.7,40.4,0.0,Medium
Sindhudurg,Maharashtra,54.98,84.04,859.0,11487.0,0.198,2624.4,24.3,50.3,37.7,9.0,Medium
Gaya,Bihar,63.37,,834.0,15571.0,0.865,2224.4,25.7,100.0,31.5,15.0,High
Ajmer,,75.71,78.52,926.0,15044.0,0.254,2711.6,35.4,88.2,30.8,16.0,Low
Purnia,Bihar,58.04,81.74,904.0,8759.0,0.37,2493.9,44.4,83.4,41.4,3.0,Medium
Rewa,Madhya Pradesh,64.44,83.42,929.0,20680.0,0.277,2884.7,26.0,81.3,35.1,10.0,Low
Nagpur,Maharashtra,80.25,84.02,910.0,18392.0,0.23,2968.4,20.2,66.3,40.7,6.0,Low
Jagatsinghpur,Odisha,56.64,77.11,968.0,25370.0,0.684,3018.6,26.9,38.9,49.8,9.0,Medium
Kolhapur,Maharashtra,55.13,,873.0,24623.0,0.006,796.5,16.2,100.0,27.5,17.0,Low
Lucknow,Uttar Pradesh,77.29,82.91,966.0,16720.0,0.332,1748.8,24.1,53.3,25.5,3.0,Low
Jajpur,Odisha,69.77,83.66,969.0,7233.0,0.183,2044.5,34.8,62.7,41.1,8.0,Low
Samastipur,Bihar,62.88,78.84,1004.0,12140.0,0.093,1295.0,20.9,53.2,34.3,0.0,Low
Sangrur,Punjab,55.86,81.43,993.0,23134.0,0.032,2900.7,28.2,65.9,51.0,10.0,Low
Ahmedabad,Gujarat,74.18,84.48,910.0,22941.0,0.761,1585.7,26.1,54.7,37.6,,High
Sagar,Madhya Pradesh,47.65,77.58,915.0,9161.0,0.753,3748.5,41.3,63.4,66.3,19.0,High
Vadodara,Gujarat,61.15,87.43,960.0,16582.0,0.509,1527.1,31.2,42.5,26.0,9.0,Medium
Udaipur,Rajasthan,58.92,80.1,945.0,12604.0,0.6,3515.4,16.0,71.1,29.9,5.0,Medium
Hooghly,West Bengal,71.25,89.24,969.0,13363.0,0.129,1864.9,31.8,60.4,27.2,6.0,Low
Bikaner,Rajasthan,87.41,81.32,817.0,18507.0,0.415,3366.7,29.0,51.9,33.0,19.0,Low
Purnia,Bihar,76.04,74.07,912.0,20813.0,0.033,1726.7,25.4,76.1,21.5,8.0,Low
Puri,Odisha,50.23,86.64,926.0,21374.0,0.76,708.7,39.4,46.0,48.8,16.0,High
Karnal,Haryana,76.27,75.16,836.0,24689.0,0.357,2320.1,21.1,40.3,25.0,0.0,Medium
Chhindwara,Madhya Pradesh,63.34,78.99,904.0,17781.0,0.121,1038.4,39.0,79.6,31.7,5.0,Low
Rewa,Madhya Pradesh,66.78,82.97,983.0,20684.0,0.996,2957.7,29.4,57.8,29.2,8.0,High
Hoshiarpur,Punjab,63.15,68.11,885.0,16920.0,0.652,1857.0,16.3,86.6,28.7,12.0,Medium
Saran,Bihar,53.6,84.26,890.0,17144.0,0.131,2403.7,13.0,82.2,39.5,9.0,Low
Samastipur,Bihar,49.35,76.23,958.0,16609.0,0.078,1762.6,16.4,87.0,31.4,12.0,Low
Hisar,Haryana,67.97,81.35,973.0,18037.0,0.877,2564.8,31.0,56.8,68.0,14.0,High
Bathinda,Punjab,85.16,81.61,896.0,13232.0,0.836,2646.8,31.5,46.2,28.3,18.0,High
Gurugram,Haryana,76.17,77.62,849.0,20820.0,0.21,2394.5,31.8,60.3,18.2,9.0,Low
North 24 Parganas,West Bengal,79.16,81.11,861.0,26969.0,0.453,2512.7,44.5,100.0,28.4,5.0,Medium
Jalandhar,Punjab,73.71,77.58,907.0,13034.0,0.982,2498.5,31.9,85.7,26.6,5.0,High
Nalanda,Bihar,81.97,77.13,929.0,18884.0,0.565,2198.5,29.4,61.0,39.8,15.0,Medium
Rewari,Haryana,64.82,62.7,861.0,12565.0,0.6,2951.3,24.9,71.0,41.4,13.0,Medium
Panipat,Haryana,69.37,81.41,930.0,17271.0,0.312,2933.6,27.8,71.9,28.3,4.0,Low
Bhopal,,67.44,83.66,949.0,13147.0,0.689,2654.0,29.9,50.8,49.3,5.0,High
Bikaner,Rajasthan,64.91,85.42,902.0,10797.0,0.863,1594.6,25.2,87.1,39.3,18.0,High
Gandhinagar,Gujarat,58.17,85.99,928.0,17522.0,0.616,3293.3,31.3,75.2,51.2,12.0,Medium
Pune,Maharashtra,56.02,88.84,933.0,24738.0,0.071,1728.8,35.3,62.7,,17.0,Low
Sonipat,Haryana,61.36,73.35,969.0,19903.0,0.171,2715.3,34.0,78.2,25.6,7.0,Low
Gwalior,Madhya Pradesh,52.51,74.89,916.0,15149.0,0.71,2662.0,43.0,56.3,36.8,15.0,High
Samastipur,Bihar,77.97,85.11,970.0,9946.0,0.176,2172.0,34.8,84.0,38.4,7.0,Low
Sikar,Rajasthan,79.52,80.22,896.0,19740.0,0.229,2938.1,50.9,71.4,38.0,12.0,Low
Kendrapara,Odisha,66.98,77.68,874.0,19488.0,0.059,3335.3,32.6,66.1,42.6,19.0,Low
Udaipur,,65.29,79.08,1023.0,25695.0,0.222,1761.5,47.0,29.0,27.5,11.0,Low
Darbhanga,Bihar,61.84,73.9,978.0,16378.0,0.735,2032.5,5.0,100.0,39.6,13.0,High
Ratlam,Madhya Pradesh,47.02,76.35,951.0,13375.0,0.247,1768.1,11.9,74.5,31.8,17.0,Medium
Nashik,Maharashtra,65.82,81.69,921.0,20139.0,0.91,2562.4,20.2,53.2,39.1,18.0,High
Nagpur,Maharashtra,68.13,82.01,805.0,20078.0,0.932,2358.0,25.9,21.3,34.0,17.0,High
Chhindwara,Madhya Pradesh,69.38,87.3,925.0,23540.0,0.606,2317.1,27.6,87.5,54.0,7.0,Medium
Nagpur,Maharashtra,61.01,78.55,879.0,19954.0,0.738,2555.5,36.5,61.5,20.9,18.0,High
Sonipat,Haryana,59.29,79.23,906.0,18197.0,0.397,1417.4,49.8,40.0,39.9,19.0,Medium
Gorakhpur,Uttar Pradesh,67.65,80.62,857.0,16721.0,0.281,2482.2,32.4,56.7,31.7,18.0,Medium
Ambala,Haryana,58.33,72.81,923.0,8421.0,0.515,1567.8,25.1,57.0,33.8,8.0,Medium
Sikar,Rajasthan,68.55,86.19,976.0,21226.0,0.733,3737.6,30.1,47.2,32.8,19.0,High
Bathinda,Punjab,77.72,87.0,869.0,12791.0,0.023,2793.3,25.1,73.1,20.5,14.0,Low
Indore,Madhya Pradesh,66.57,76.46,946.0,23877.0,0.018,2996.2,17.8,61.6,29.1,15.0,Low
Jajpur,Odisha,54.22,76.12,975.0,17207.0,0.399,1843.5,31.7,76.6,36.7,9.0,Medium
Puri,Odisha,58.83,84.0,773.0,17951.0,0.973,3088.2,31.6,91.5,25.1,16.0,High
Hisar,Haryana,66.37,72.25,914.0,16230.0,0.831,2068.6,15.0,98.3,42.3,19.0,High
Surat,Gujarat,49.88,,978.0,16573.0,0.218,2162.5,34.2,63.9,44.5,,Low
Ambala,Haryana,80.32,73.24,943.0,21386.0,0.849,1368.0,49.9,100.0,47.5,16.0,High
Patna,Bihar,85.98,75.81,926.0,26485.0,0.93,2358.6,42.1,52.8,31.8,11.0,High
Firozpur,Punjab,55.75,87.72,896.0,23254.0,0.391,2786.6,36.8,45.0,33.0,0.0,Medium
Hooghly,West Bengal,66.02,71.52,935.0,7749.0,,3369.6,39.7,73.1,16.3,10.0,High
Puri,Odisha,75.82,75.91,908.0,10475.0,0.876,1370.0,32.3,38.3,22.7,8.0,High
Mayurbhanj,Odisha,53.43,69.42,895.0,22624.0,0.281,3596.1,32.0,78.7,38.8,5.0,Medium
Saran,Bihar,58.29,80.42,911.0,17738.0,0.538,3417.9,31.7,73.6,36.2,1.0,Medium
Patna,Bihar,79.95,87.3,895.0,16060.0,0.751,2235.2,25.2,58.6,52.6,9.0,High
Kolhapur,Maharashtra,53.31,81.92,963.0,16074.0,0.628,1291.6,46.4,67.4,47.2,14.0,High
Ujjain,Madhya Pradesh,41.2,79.53,893.0,19179.0,0.677,2169.7,27.5,50.8,49.8,18.0,High
Alwar,Rajasthan,45.34,82.51,901.0,17962.0,0.968,2075.3,30.6,59.6,40.7,15.0,High
Aligarh,Uttar Pradesh,73.18,71.63,932.0,19391.0,0.497,2783.8,25.8,88.4,21.8,7.0,Medium
Karnal,Haryana,83.27,77.58,913.0,15344.0,0.211,2302.2,39.2,49.2,37.1,9.0,Low
Hoshiarpur,Punjab,67.23,74.84,850.0,16615.0,0.703,2654.7,42.0,87.2,28.6,9.0,High
Bathinda,Punjab,73.03,78.35,884.0,24971.0,0.075,2245.9,37.5,88.3,27.9,10.0,Low
North 24 Parganas,West Bengal,69.31,81.55,892.0,23510.0,0.618,2751.6,37.5,63.0,31.7,13.0,Medium
Jodhpur,Rajasthan,62.56,73.44,921.0,14116.0,0.562,3003.4,33.4,59.4,34.5,17.0,Medium
Gaya,Bihar,51.62,83.71,936.0,16619.0,0.697,2581.0,15.8,67.9,22.6,16.0,High
North 24 Parganas,West Bengal,74.48,75.69,924.0,13636.0,0.331,4004.1,37.0,67.9,53.8,11.0,Low
Ambala,Haryana,55.47,82.02,938.0,27368.0,0.325,2578.8,38.6,33.1,17.0,4.0,Medium
Ghaziabad,Uttar Pradesh,65.07,80.84,951.0,27298.0,0.336,2960.1,42.2,77.2,36.0,18.0,Low
Firozpur,Punjab,80.3,82.21,953.0,9000.0,0.152,3775.3,14.6,65.3,41.6,8.0,Low
Muzaffarpur,Bihar,63.82,80.02,1034.0,18624.0,0.88,2410.2,19.8,100.0,34.9,19.0,High
Kapurthala,Punjab,58.79,81.24,1013.0,15616.0,0.638,2460.3,39.3,69.6,33.3,19.0,High
Aligarh,Uttar Pradesh,60.36,81.1,937.0,25376.0,0.157,2212.6,28.2,69.6,28.4,,Low
Jalandhar,Punjab,77.77,79.49,987.0,12574.0,0.635,2514.4,20.3,75.7,29.7,14.0,Medium
Bareilly,Uttar Pradesh,65.38,82.31,960.0,15159.0,0.446,2820.0,20.2,100.0,46.9,8.0,Medium
Sagar,Madhya Pradesh,67.32,81.6,925.0,23846.0,0.744,2590.5,36.9,62.2,36.0,19.0,High
Balasore,Odisha,58.22,,991.0,21616.0,0.693,3084.4,8.7,64.3,31.2,15.0,High
Kanpur Nagar,Uttar Pradesh,56.54,82.2,897.0,21373.0,0.442,1305.1,6.5,63.0,46.9,19.0,Medium
Purnia,Bihar,72.34,86.38,1014.0,24778.0,0.425,1770.2,6.8,72.8,,19.0,Medium
,Punjab,70.04,76.57,913.0,14925.0,0.008,2448.3,47.9,76.0,42.9,7.0,Low
Hisar,Haryana,92.91,78.06,935.0,14230.0,0.884,4216.1,23.1,79.6,45.6,4.0,Medium
Gurugram,Haryana,52.3,80.07,950.0,27793.0,0.909,2448.5,20.4,72.5,22.2,1.0,High
Ahmedabad,Gujarat,74.37,79.28,916.0,20135.0,0.802,3382.2,34.1,94.0,35.3,15.0,High
Amritsar,Punjab,49.57,79.78,923.0,26540.0,0.611,3199.8,42.2,50.7,6.6,3.0,High
Bareilly,Uttar Pradesh,74.43,76.2,912.0,22779.0,0.418,2278.0,36.7,76.8,40.9,19.0,Medium
Thane,Maharashtra,52.65,79.36,994.0,18328.0,0.002,1918.6,19.5,75.3,23.9,12.0,Low
Junagadh,Gujarat,50.78,78.17,1042.0,17450.0,0.177,2480.8,36.1,63.6,34.7,15.0,Low
Nalanda,Bihar,67.18,77.82,1000.0,19260.0,0.021,2434.1,35.3,81.0,35.7,14.0,Low
Gorakhpur,Uttar Pradesh,62.97,80.22,763.0,21543.0,0.861,2415.8,34.3,100.0,30.8,19.0,High
Muzaffarpur,Bihar,64.35,82.91,928.0,22409.0,0.853,3037.3,25.1,76.5,28.7,18.0,High
Patiala,Punjab,72.79,81.5,953.0,14798.0,0.229,2864.0,23.8,100.0,41.7,4.0,Low
Vadodara,Gujarat,79.73,83.71,859.0,10985.0,0.121,2517.7,34.6,100.0,35.6,4.0,Low
Jaipur,Rajasthan,62.91,74.7,955.0,17157.0,0.567,2328.0,14.1,22.9,31.6,14.0,Medium
,Rajasthan,64.59,78.0,1006.0,12913.0,0.745,3202.3,33.2,100.0,40.2,11.0,High
Solapur,Maharashtra,62.32,76.06,917.0,23594.0,0.841,1238.1,22.3,56.7,56.0,10.0,High
Ludhiana,Punjab,42.41,,913.0,13718.0,0.795,2570.1,58.2,,31.4,17.0,High
Nalanda,Bihar,70.31,74.14,909.0,15911.0,0.148,1300.7,33.9,76.2,29.7,15.0,Low
Paschim Medinipur,West Bengal,40.06,77.16,948.0,17143.0,0.706,3840.6,23.3,96.6,42.4,7.0,High
,Maharashtra,70.53,78.56,934.0,23176.0,0.413,2952.6,27.8,65.9,43.8,0.0,Low
Ganjam,Odisha,66.57,72.36,877.0,18752.0,0.004,3376.3,37.4,62.3,34.7,8.0,Low
Ambala,Haryana,59.28,79.01,882.0,18693.0,0.289,1858.3,39.5,100.0,30.1,14.0,Medium
Ludhiana,Punjab,77.75,73.12,920.0,18754.0,0.261,859.8,27.8,60.8,38.9,19.0,Low
Purba Medinipur,West Bengal,54.4,77.95,826.0,25652.0,0.438,3030.3,30.2,64.0,24.4,11.0,Medium
Prayagraj,Uttar Pradesh,86.96,79.64,935.0,21987.0,0.81,2679.0,53.5,60.8,26.1,14.0,Medium
Bikaner,Rajasthan,66.27,68.76,913.0,23513.0,0.962,3232.1,22.4,52.0,38.5,8.0,High
Kutch,Gujarat,57.41,76.35,957.0,20163.0,0.97,2506.8,35.8,43.2,38.2,14.0,High
Solapur,Maharashtra,65.27,84.96,1037.0,25096.0,0.999,1304.3,33.0,62.0,35.8,13.0,High
Surat,Gujarat,86.72,69.27,927.0,16017.0,0.81,2676.3,30.8,79.6,38.0,17.0,Medium
Bhagalpur,Bihar,54.66,72.44,995.0,13341.0,0.645,2430.9,5.0,44.6,39.0,11.0,High
Vadodara,Gujarat,51.08,82.1,961.0,28271.0,0.647,2335.7,31.2,96.4,29.5,9.0,High
Thane,Maharashtra,77.47,81.43,945.0,20278.0,0.467,3828.8,13.7,66.8,43.6,9.0,Low
Ludhiana,Punjab,70.7,80.2,969.0,14243.0,0.181,2074.4,43.4,54.0,26.1,19.0,Low
Mumbai,Maharashtra,58.07,,919.0,17217.0,0.265,2456.3,31.9,23.4,26.7,14.0,Medium
Satna,Madhya Pradesh,42.78,78.61,946.0,23361.0,0.492,2874.7,19.9,68.0,39.9,6.0,High
